mass,weighing,date,ratname,tech,timeval
,1077895,2022-07-08,Y500,FW,0 days 16:49:47
,1077896,2022-07-08,Y501,FW,0 days 16:49:47
,1077897,2022-07-08,Y502,FW,0 days 16:49:47
,1077898,2022-07-08,Y503,FW,0 days 16:49:47
20.82,1078539,2022-07-11,Y501,JW,0 days 15:07:09
22.86,1078540,2022-07-11,Y500,JW,0 days 15:07:48
23.63,1078541,2022-07-11,Y503,JW,0 days 15:08:19
25.60,1078542,2022-07-11,Y502,JW,0 days 15:08:55
18.63,1078549,2022-07-11,Y600,JW,0 days 15:21:28
19.19,1078764,2022-07-12,Y600,JW,0 days 09:43:49
25.97,1078775,2022-07-12,Y502,JW,0 days 09:50:18
24.40,1078777,2022-07-12,Y503,JW,0 days 09:51:04
21.56,1078779,2022-07-12,Y501,JW,0 days 09:51:54
23.51,1078781,2022-07-12,Y500,JW,0 days 09:52:29
23.20,1079000,2022-07-13,Y500,JW,0 days 10:25:53
21.03,1079002,2022-07-13,Y501,JW,0 days 10:26:23
26.04,1079003,2022-07-13,Y502,JW,0 days 10:26:40
24.12,1079004,2022-07-13,Y503,JW,0 days 10:27:01
19.21,1079009,2022-07-13,Y600,JW,0 days 10:30:03
24.00,1079443,2022-07-15,Y500,JL,0 days 13:31:39
26.33,1079444,2022-07-15,Y502,JL,0 days 13:33:10
21.76,1079446,2022-07-15,Y501,JL,0 days 13:34:24
24.50,1079447,2022-07-15,Y503,JL,0 days 13:35:58
19.33,1079450,2022-07-15,Y600,JL,0 days 13:40:02
19.26,1079652,2022-07-16,Y600,JW,0 days 09:32:42
24.65,1079674,2022-07-16,Y503,JW,0 days 09:43:01
23.83,1079676,2022-07-16,Y500,JW,0 days 09:43:28
26.49,1079677,2022-07-16,Y502,JW,0 days 09:44:11
21.87,1079678,2022-07-16,Y501,JW,0 days 09:44:31
19.54,1079861,2022-07-17,Y600,JW,0 days 09:07:03
24.41,1079862,2022-07-17,Y503,JW,0 days 09:08:35
23.89,1079863,2022-07-17,Y500,JW,0 days 09:08:53
21.43,1079865,2022-07-17,Y501,JW,0 days 09:09:35
26.68,1079866,2022-07-17,Y502,JW,0 days 09:10:03
17.65,1080022,2022-07-18,Y600,JW,0 days 12:30:56
21.13,1080032,2022-07-18,Y500,JW,0 days 12:36:51
21.48,1080034,2022-07-18,Y503,JW,0 days 12:37:29
24.15,1080036,2022-07-18,Y502,JW,0 days 12:38:03
19.11,1080038,2022-07-18,Y501,JW,0 days 12:38:36
17.97,1080243,2022-07-19,Y600,JW,0 days 10:09:49
24.38,1080245,2022-07-19,Y502,JW,0 days 10:20:37
21.52,1080246,2022-07-19,Y500,JW,0 days 10:22:09
22.59,1080248,2022-07-19,Y503,JW,0 days 10:23:49
19.90,1080250,2022-07-19,Y501,JW,0 days 10:24:56
18.48,1080457,2022-07-20,Y600,JL,0 days 09:00:36
23.99,1080465,2022-07-20,Y502,JL,0 days 09:07:42
19.40,1080467,2022-07-20,Y501,JL,0 days 09:08:46
21.21,1080468,2022-07-20,Y500,JL,0 days 09:09:33
21.89,1080470,2022-07-20,Y503,JL,0 days 09:10:35
18.40,1080670,2022-07-21,Y600,JL,0 days 09:26:09
24.29,1080678,2022-07-21,Y502,JL,0 days 09:36:04
21.90,1080680,2022-07-21,Y500,JL,0 days 09:36:41
19.78,1080682,2022-07-21,Y501,JL,0 days 09:37:20
22.88,1080684,2022-07-21,Y503,JL,0 days 09:37:59
19.73,1080885,2022-07-22,Y501,JL,0 days 09:07:48
24.28,1080886,2022-07-22,Y502,JL,0 days 09:08:37
22.57,1080888,2022-07-22,Y500,JL,0 days 09:09:16
22.45,1080889,2022-07-22,Y503,JL,0 days 09:09:42
19.73,1080892,2022-07-22,Y600,JL,0 days 09:12:31
18.60,1081078,2022-07-23,Y600,ER,0 days 09:45:10
25.09,1081080,2022-07-23,Y502,ER,0 days 09:48:13
20.60,1081082,2022-07-23,Y501,ER,0 days 09:48:53
23.30,1081086,2022-07-23,Y503,ER,0 days 09:50:13
23.47,1081088,2022-07-23,Y500,ER,0 days 09:52:41
18.59,1081186,2022-07-24,Y600,ER,0 days 09:27:20
20.51,1081187,2022-07-24,Y501,ER,0 days 09:29:23
25.38,1081188,2022-07-24,Y502,ER,0 days 09:29:50
23.59,1081189,2022-07-24,Y503,ER,0 days 09:31:26
23.64,1081190,2022-07-24,Y500,ER,0 days 09:31:52
18.38,1081344,2022-07-25,Y600,ER,0 days 09:45:49
20.60,1081345,2022-07-25,Y501,ER,0 days 09:47:35
25.21,1081346,2022-07-25,Y502,ER,0 days 09:47:54
23.00,1081350,2022-07-25,Y503,ER,0 days 09:49:12
23.28,1081351,2022-07-25,Y500,ER,0 days 09:49:29
18.76,1081504,2022-07-26,Y600,JY,0 days 12:11:05
20.22,1081509,2022-07-26,Y501,JY,0 days 13:13:42
22.99,1081510,2022-07-26,Y503,JY,0 days 13:14:53
23.11,1081511,2022-07-26,Y500,JY,0 days 13:16:34
25.08,1081512,2022-07-26,Y502,JY,0 days 13:18:16
19.00,1081667,2022-07-27,Y600,ER,0 days 10:50:41
25.79,1081669,2022-07-27,Y502,ER,0 days 12:02:38
23.01,1081670,2022-07-27,Y503,ER,0 days 12:03:39
23.18,1081671,2022-07-27,Y500,ER,0 days 12:04:34
20.40,1081672,2022-07-27,Y501,ER,0 days 12:05:27
18.76,1081673,2022-07-28,Y600,JY,0 days 10:20:44
23.35,1081676,2022-07-28,Y503,JY,0 days 10:27:05
23.20,1081679,2022-07-28,Y500,JY,0 days 10:28:50
25.45,1081680,2022-07-28,Y502,JY,0 days 10:30:27
20.81,1081682,2022-07-28,Y501,JY,0 days 10:31:44
19.11,1081880,2022-07-29,Y600,JY,0 days 11:41:46
23.28,1081883,2022-07-29,Y500,JY,0 days 13:01:46
21.05,1081884,2022-07-29,Y501,JY,0 days 13:03:17
25.90,1081885,2022-07-29,Y502,JY,0 days 13:04:42
23.24,1081886,2022-07-29,Y503,JY,0 days 13:06:24
18.49,1082081,2022-07-30,Y600,ER,0 days 11:02:33
20.28,1082083,2022-07-30,Y501,ER,0 days 12:15:56
22.85,1082084,2022-07-30,Y503,ER,0 days 12:17:39
25.32,1082086,2022-07-30,Y502,ER,0 days 12:18:33
22.54,1082088,2022-07-30,Y500,ER,0 days 12:20:01
17.68,1082282,2022-07-31,Y600,ER,0 days 10:49:52
24.59,1082284,2022-07-31,Y502,ER,0 days 12:02:34
22.30,1082285,2022-07-31,Y500,ER,0 days 12:03:24
20.30,1082286,2022-07-31,Y501,ER,0 days 12:04:21
22.71,1082287,2022-07-31,Y503,ER,0 days 12:05:15
17.11,1082481,2022-08-01,Y600,ER,0 days 11:24:31
24.66,1082482,2022-08-01,Y502,ER,0 days 12:37:22
20.29,1082483,2022-08-01,Y501,ER,0 days 12:38:54
22.75,1082484,2022-08-01,Y503,ER,0 days 12:39:34
22.41,1082485,2022-08-01,Y500,ER,0 days 12:40:14
16.96,1082677,2022-08-02,Y600,ER,0 days 11:09:21
22.17,1082678,2022-08-02,Y500,ER,0 days 12:10:35
20.39,1082679,2022-08-02,Y501,ER,0 days 12:11:36
24.41,1082680,2022-08-02,Y502,ER,0 days 12:12:33
23.17,1082682,2022-08-02,Y503,ER,0 days 12:13:49
17.00,1082875,2022-08-03,Y600,ER,0 days 09:02:09
20.59,1082876,2022-08-03,Y501,ER,0 days 10:01:13
22.68,1082878,2022-08-03,Y500,ER,0 days 10:02:30
23.61,1082880,2022-08-03,Y503,ER,0 days 10:03:31
24.64,1082881,2022-08-03,Y502,ER,0 days 10:04:16
16.67,1083071,2022-08-04,Y600,JY,0 days 11:45:45
23.34,1083074,2022-08-04,Y503,JY,0 days 12:59:38
24.59,1083075,2022-08-04,Y502,JY,0 days 13:02:31
23.12,1083076,2022-08-04,Y500,JY,0 days 13:03:39
20.53,1083077,2022-08-04,Y501,JY,0 days 13:04:57
16.82,1083269,2022-08-05,Y600,JY,0 days 11:57:09
24.74,1083270,2022-08-05,Y502,JY,0 days 13:02:17
23.11,1083271,2022-08-05,Y500,JY,0 days 13:03:26
20.45,1083272,2022-08-05,Y501,JY,0 days 13:04:35
23.21,1083273,2022-08-05,Y503,JY,0 days 13:05:32
16.86,1083468,2022-08-06,Y600,ER,0 days 09:32:36
24.76,1083469,2022-08-06,Y502,ER,0 days 10:42:19
23.70,1083471,2022-08-06,Y500,ER,0 days 10:43:54
23.76,1083473,2022-08-06,Y503,ER,0 days 10:45:03
20.70,1083474,2022-08-06,Y501,ER,0 days 10:45:53
17.01,1083666,2022-08-07,Y600,ER,0 days 09:16:49
20.74,1083667,2022-08-07,Y501,ER,0 days 10:26:25
24.58,1083668,2022-08-07,Y502,ER,0 days 10:27:45
23.79,1083669,2022-08-07,Y503,ER,0 days 10:28:41
23.29,1083670,2022-08-07,Y500,ER,0 days 10:29:30
17.20,1083995,2022-08-08,Y600,ER,0 days 09:20:51
20.47,1083996,2022-08-08,Y501,ER,0 days 10:32:11
23.49,1083997,2022-08-08,Y503,ER,0 days 10:33:01
24.45,1083998,2022-08-08,Y502,ER,0 days 10:33:52
23.34,1083999,2022-08-08,Y500,ER,0 days 10:34:53
17.30,1084199,2022-08-09,Y600,JL,0 days 10:12:50
24.88,1084208,2022-08-09,Y502,JL,0 days 11:28:27
20.48,1084209,2022-08-09,Y501,JL,0 days 11:30:14
23.58,1084210,2022-08-09,Y503,JL,0 days 11:30:45
23.61,1084211,2022-08-09,Y500,JL,0 days 11:31:07
17.55,1084400,2022-08-10,Y600,JL,0 days 09:49:23
25.06,1084409,2022-08-10,Y502,JL,0 days 11:02:16
23.63,1084410,2022-08-10,Y503,JL,0 days 11:02:57
20.48,1084411,2022-08-10,Y501,JL,0 days 11:03:34
23.71,1084412,2022-08-10,Y500,JL,0 days 11:04:15
17.50,1084602,2022-08-11,Y600,JL,0 days 09:31:37
24.91,1084604,2022-08-11,Y502,JL,0 days 10:39:19
23.68,1084605,2022-08-11,Y500,JL,0 days 10:40:01
20.29,1084606,2022-08-11,Y501,JL,0 days 10:40:41
23.54,1084607,2022-08-11,Y503,JL,0 days 10:41:08
17.31,1084803,2022-08-12,Y600,JL,0 days 09:47:05
20.47,1084812,2022-08-12,Y501,JL,0 days 11:04:16
24.81,1084813,2022-08-12,Y502,JL,0 days 11:05:24
23.60,1084815,2022-08-12,Y503,JL,0 days 11:06:32
24.21,1084817,2022-08-12,Y500,JL,0 days 11:07:15
24.10,1085003,2022-08-13,Y500,ER,0 days 10:35:01
24.55,1085004,2022-08-13,Y502,ER,0 days 10:35:57
23.71,1085005,2022-08-13,Y503,ER,0 days 10:36:54
20.78,1085006,2022-08-13,Y501,ER,0 days 10:37:55
20.90,1085198,2022-08-14,Y501,ER,0 days 11:07:33
24.81,1085199,2022-08-14,Y502,ER,0 days 11:08:20
24.02,1085200,2022-08-14,Y500,ER,0 days 11:09:19
23.79,1085201,2022-08-14,Y503,ER,0 days 11:10:13
25.14,1085388,2022-08-15,Y502,JB,0 days 09:15:12
24.40,1085389,2022-08-15,Y500,JB,0 days 09:16:23
21.11,1085390,2022-08-15,Y501,JB,0 days 09:17:37
24.42,1085396,2022-08-15,Y503,JB,0 days 09:38:45
21.02,1085596,2022-08-16,Y501,JL,0 days 10:48:23
24.61,1085597,2022-08-16,Y503,JL,0 days 10:49:15
24.39,1085599,2022-08-16,Y502,JL,0 days 10:50:33
24.09,1085600,2022-08-16,Y500,JL,0 days 10:51:14
24.03,1085794,2022-08-17,Y502,JL,0 days 11:24:33
23.62,1085795,2022-08-17,Y500,JL,0 days 11:25:12
24.83,1085796,2022-08-17,Y503,JL,0 days 11:25:48
20.38,1085798,2022-08-17,Y501,JL,0 days 11:26:52
23.90,1085983,2022-08-18,Y502,JL,0 days 11:33:14
22.87,1085985,2022-08-18,Y500,JL,0 days 11:33:49
24.71,1085986,2022-08-18,Y503,JL,0 days 11:35:10
19.71,1085988,2022-08-18,Y501,JL,0 days 11:36:00
23.93,1086195,2022-08-19,Y502,JL,0 days 11:40:57
22.62,1086196,2022-08-19,Y500,JL,0 days 11:41:40
24.47,1086197,2022-08-19,Y503,JL,0 days 11:42:19
19.43,1086198,2022-08-19,Y501,JL,0 days 11:42:56
23.82,1086395,2022-08-20,Y502,ER,0 days 11:44:05
19.24,1086396,2022-08-20,Y501,ER,0 days 11:45:15
24.57,1086397,2022-08-20,Y503,ER,0 days 11:46:01
22.89,1086398,2022-08-20,Y500,ER,0 days 11:46:57
19.22,1086583,2022-08-21,Y501,ER,0 days 10:21:08
24.56,1086584,2022-08-21,Y503,ER,0 days 10:22:02
23.66,1086585,2022-08-21,Y502,ER,0 days 10:23:06
22.63,1086586,2022-08-21,Y500,ER,0 days 10:23:52
22.39,1086777,2022-08-22,Y500,ER,0 days 10:18:41
23.92,1086778,2022-08-22,Y502,ER,0 days 10:19:47
24.39,1086779,2022-08-22,Y503,ER,0 days 10:20:41
18.99,1086780,2022-08-22,Y501,ER,0 days 10:21:25
23.51,1086971,2022-08-23,Y502,JL,0 days 10:28:37
18.95,1086972,2022-08-23,Y501,JL,0 days 10:29:24
22.42,1086973,2022-08-23,Y500,JL,0 days 10:29:59
24.72,1086974,2022-08-23,Y503,JL,0 days 10:30:37
23.94,1087152,2022-08-24,Y500,JY,0 days 15:37:26
20.06,1087153,2022-08-24,Y501,JY,0 days 15:38:15
25.48,1087155,2022-08-24,Y503,JY,0 days 15:39:41
25.15,1087156,2022-08-24,Y502,JY,0 days 15:41:08
19.21,1087352,2022-08-25,Y501,JL,0 days 10:33:45
22.75,1087354,2022-08-25,Y500,JL,0 days 10:34:40
23.75,1087356,2022-08-25,Y502,JL,0 days 10:35:32
25.05,1087357,2022-08-25,Y503,JL,0 days 10:36:08
18.88,1087545,2022-08-26,Y501,JL,0 days 10:48:05
23.84,1087546,2022-08-26,Y502,JL,0 days 10:49:00
22.83,1087547,2022-08-26,Y500,JL,0 days 10:49:42
24.66,1087548,2022-08-26,Y503,JL,0 days 10:50:15
23.87,1087740,2022-08-27,Y502,ER,0 days 10:41:54
23.09,1087741,2022-08-27,Y500,ER,0 days 10:43:36
18.74,1087742,2022-08-27,Y501,ER,0 days 10:44:34
24.94,1087743,2022-08-27,Y503,ER,0 days 10:45:17
18.61,1087930,2022-08-28,Y501,ER,0 days 10:10:27
23.52,1087931,2022-08-28,Y502,ER,0 days 10:11:15
23.26,1087932,2022-08-28,Y500,ER,0 days 10:12:38
24.75,1087933,2022-08-28,Y503,ER,0 days 10:13:41
23.53,1088123,2022-08-29,Y502,ER,0 days 10:12:27
18.55,1088124,2022-08-29,Y501,ER,0 days 10:13:32
23.28,1088125,2022-08-29,Y500,ER,0 days 10:14:22
24.48,1088126,2022-08-29,Y503,ER,0 days 10:15:22
23.64,1088315,2022-08-30,Y502,JL,0 days 10:27:16
18.40,1088316,2022-08-30,Y501,JL,0 days 10:27:45
23.21,1088317,2022-08-30,Y500,JL,0 days 10:28:33
24.60,1088318,2022-08-30,Y503,JL,0 days 10:29:04
18.58,1088504,2022-08-31,Y501,JL,0 days 10:26:49
23.23,1088505,2022-08-31,Y500,JL,0 days 10:27:31
23.82,1088506,2022-08-31,Y502,JL,0 days 10:28:18
24.35,1088507,2022-08-31,Y503,JL,0 days 10:28:55
,1088799,2022-09-01,Y500,FW,0 days 23:52:25
23.83,1088888,2022-09-02,Y502,JL,0 days 10:20:44
23.55,1088889,2022-09-02,Y500,JL,0 days 10:21:19
19.10,1088891,2022-09-02,Y501,JL,0 days 10:22:14
24.34,1088892,2022-09-02,Y503,JL,0 days 10:23:05
23.53,1089268,2022-09-04,Y502,ER,0 days 12:22:05
24.75,1089270,2022-09-04,Y500,ER,0 days 12:23:19
19.38,1089271,2022-09-04,Y501,ER,0 days 12:24:28
23.89,1089272,2022-09-04,Y503,ER,0 days 12:25:25
24.37,1089446,2022-09-05,Y500,ER,0 days 10:01:06
24.15,1089448,2022-09-05,Y502,ER,0 days 10:02:29
24.03,1089449,2022-09-05,Y503,ER,0 days 10:04:05
19.43,1089450,2022-09-05,Y501,ER,0 days 10:04:39
24.03,1089642,2022-09-06,Y500,JL,0 days 09:29:30
24.60,1089644,2022-09-06,Y502,JL,0 days 09:30:22
19.30,1089645,2022-09-06,Y501,JL,0 days 09:30:57
24.28,1089646,2022-09-06,Y503,JL,0 days 09:31:27
24.49,1089828,2022-09-07,Y503,JL,0 days 11:37:04
24.33,1089829,2022-09-07,Y502,JL,0 days 11:37:58
23.81,1089830,2022-09-07,Y500,JL,0 days 11:38:32
19.31,1089831,2022-09-07,Y501,JL,0 days 11:39:14
24.81,1089998,2022-09-08,Y502,JL,0 days 10:20:41
19.20,1089999,2022-09-08,Y501,JL,0 days 10:21:14
24.52,1090000,2022-09-08,Y503,JL,0 days 10:21:49
23.45,1090001,2022-09-08,Y500,JL,0 days 10:22:39
19.16,1090209,2022-09-09,Y501,JL,0 days 11:41:57
22.92,1090211,2022-09-09,Y500,JL,0 days 11:42:50
24.78,1090212,2022-09-09,Y503,JL,0 days 11:43:35
24.70,1090213,2022-09-09,Y502,JL,0 days 11:44:08
18.99,1090366,2022-09-10,Y501,ER,0 days 10:01:21
24.63,1090367,2022-09-10,Y502,ER,0 days 10:02:11
23.64,1090369,2022-09-10,Y500,ER,0 days 10:03:21
25.12,1090370,2022-09-10,Y503,ER,0 days 10:04:24
18.80,1090570,2022-09-11,Y501,ER,0 days 10:08:28
23.32,1090571,2022-09-11,Y500,ER,0 days 10:09:35
24.16,1090573,2022-09-11,Y502,ER,0 days 10:10:41
24.65,1090574,2022-09-11,Y503,ER,0 days 10:11:28
18.71,1090752,2022-09-12,Y501,ER,0 days 09:58:52
24.32,1090753,2022-09-12,Y502,ER,0 days 09:59:55
23.01,1090754,2022-09-12,Y500,ER,0 days 10:00:40
24.54,1090755,2022-09-12,Y503,ER,0 days 10:01:26
24.37,1090941,2022-09-13,Y502,JL,0 days 11:15:56
18.78,1090942,2022-09-13,Y501,JL,0 days 11:16:37
22.73,1090943,2022-09-13,Y500,JL,0 days 11:17:26
24.14,1090944,2022-09-13,Y503,JL,0 days 11:18:00
23.04,1091128,2022-09-14,Y500,JL,0 days 11:36:27
19.08,1091129,2022-09-14,Y501,JL,0 days 11:37:08
24.19,1091130,2022-09-14,Y502,JL,0 days 11:37:42
24.38,1091131,2022-09-14,Y503,JL,0 days 11:38:24
19.22,1091320,2022-09-15,Y501,JL,0 days 11:52:47
24.50,1091321,2022-09-15,Y502,JL,0 days 11:53:23
24.35,1091322,2022-09-15,Y503,JL,0 days 11:54:11
23.26,1091323,2022-09-15,Y500,JL,0 days 11:54:59
24.40,1091508,2022-09-16,Y502,JL,0 days 11:05:49
23.78,1091510,2022-09-16,Y500,JL,0 days 11:07:00
24.55,1091511,2022-09-16,Y503,JL,0 days 11:08:36
19.60,1091512,2022-09-16,Y501,JL,0 days 11:09:14
24.45,1091683,2022-09-17,Y502,ER,0 days 10:06:04
19.26,1091684,2022-09-17,Y501,ER,0 days 10:07:26
23.58,1091685,2022-09-17,Y500,ER,0 days 10:08:30
24.63,1091686,2022-09-17,Y503,ER,0 days 10:09:32
19.21,1091865,2022-09-18,Y501,ER,0 days 10:10:38
23.85,1091867,2022-09-18,Y500,ER,0 days 10:11:43
24.23,1091868,2022-09-18,Y502,ER,0 days 10:12:32
24.72,1091869,2022-09-18,Y503,ER,0 days 10:13:27
19.52,1092049,2022-09-19,Y501,ER,0 days 10:06:03
24.02,1092050,2022-09-19,Y502,ER,0 days 10:06:45
23.81,1092052,2022-09-19,Y500,ER,0 days 10:07:59
24.33,1092053,2022-09-19,Y503,ER,0 days 10:09:04
23.58,1092243,2022-09-20,Y500,JL,0 days 10:59:09
19.81,1092244,2022-09-20,Y501,JL,0 days 10:59:44
24.29,1092245,2022-09-20,Y502,JL,0 days 11:00:19
24.38,1092246,2022-09-20,Y503,JL,0 days 11:00:51
19.62,1092422,2022-09-21,Y501,JL,0 days 11:15:49
24.36,1092423,2022-09-21,Y502,JL,0 days 11:16:35
23.30,1092424,2022-09-21,Y500,JL,0 days 11:17:09
24.32,1092425,2022-09-21,Y503,JL,0 days 11:17:52
22.90,1092603,2022-09-22,Y500,JL,0 days 10:52:16
24.20,1092604,2022-09-22,Y502,JL,0 days 10:52:53
24.48,1092605,2022-09-22,Y503,JL,0 days 10:53:35
19.34,1092606,2022-09-22,Y501,JL,0 days 10:54:10
24.09,1092764,2022-09-23,Y502,JY,0 days 12:37:12
24.06,1092765,2022-09-23,Y503,JY,0 days 12:37:59
19.54,1092766,2022-09-23,Y501,JY,0 days 12:39:03
23.71,1092768,2022-09-23,Y500,JY,0 days 12:40:32
19.76,1092934,2022-09-24,Y501,ER,0 days 10:07:41
24.30,1092935,2022-09-24,Y502,ER,0 days 10:08:39
24.53,1092937,2022-09-24,Y500,ER,0 days 10:09:50
24.26,1092938,2022-09-24,Y503,ER,0 days 10:10:31
19.56,1093110,2022-09-25,Y501,ER,0 days 10:01:44
24.29,1093111,2022-09-25,Y500,ER,0 days 10:02:57
24.41,1093112,2022-09-25,Y503,ER,0 days 10:03:38
24.42,1093113,2022-09-25,Y502,ER,0 days 10:04:13
,1093432,2022-09-27,Y500,FW,0 days 14:28:43
,1093433,2022-09-27,Y501,FW,0 days 14:28:43
,1093434,2022-09-27,Y502,FW,0 days 14:28:43
,1093435,2022-09-27,Y503,FW,0 days 14:28:43
,1093513,2022-09-28,Y500,FW,0 days 23:51:58
,1093514,2022-09-28,Y501,FW,0 days 23:51:58
,1093515,2022-09-28,Y502,FW,0 days 23:51:58
,1093516,2022-09-28,Y503,FW,0 days 23:51:58
20.47,1093613,2022-09-29,Y501,ER,0 days 11:14:06
24.32,1093614,2022-09-29,Y500,ER,0 days 11:15:37
25.33,1093616,2022-09-29,Y502,ER,0 days 11:16:49
24.51,1093617,2022-09-29,Y503,ER,0 days 11:17:41
19.54,1093801,2022-09-30,Y501,ER,0 days 11:06:32
24.05,1093802,2022-09-30,Y500,ER,0 days 11:07:08
24.38,1093804,2022-09-30,Y502,ER,0 days 11:08:22
24.10,1093805,2022-09-30,Y503,ER,0 days 11:09:29
23.78,1093982,2022-10-01,Y502,ER,0 days 10:12:29
24.04,1093983,2022-10-01,Y500,ER,0 days 10:13:49
19.17,1093985,2022-10-01,Y501,ER,0 days 10:14:59
23.62,1093986,2022-10-01,Y503,ER,0 days 10:15:34
19.17,1094167,2022-10-02,Y501,ER,0 days 10:10:34
23.55,1094168,2022-10-02,Y502,ER,0 days 10:11:34
24.30,1094169,2022-10-02,Y500,ER,0 days 10:12:23
23.67,1094170,2022-10-02,Y503,ER,0 days 10:13:03
23.52,1094351,2022-10-03,Y503,ER,0 days 10:10:41
23.25,1094352,2022-10-03,Y502,ER,0 days 10:12:02
23.97,1094353,2022-10-03,Y500,ER,0 days 10:12:59
19.13,1094354,2022-10-03,Y501,ER,0 days 10:13:51
21.39,1094739,2022-10-05,Y501,JL,0 days 11:55:52
25.42,1094741,2022-10-05,Y503,JL,0 days 11:56:42
26.30,1094743,2022-10-05,Y500,JL,0 days 11:57:25
25.32,1094745,2022-10-05,Y502,JL,0 days 11:58:19
25.16,1094919,2022-10-06,Y502,JL,0 days 10:58:39
24.55,1094921,2022-10-06,Y503,JL,0 days 10:59:25
25.30,1094923,2022-10-06,Y500,JL,0 days 11:00:07
20.96,1094925,2022-10-06,Y501,JL,0 days 11:00:54
24.79,1095107,2022-10-07,Y500,JL,0 days 10:35:28
24.80,1095108,2022-10-07,Y502,JL,0 days 10:36:07
20.75,1095109,2022-10-07,Y501,JL,0 days 10:36:38
24.54,1095110,2022-10-07,Y503,JL,0 days 10:37:08
24.60,1095289,2022-10-08,Y502,ER,0 days 10:25:45
20.64,1095290,2022-10-08,Y501,ER,0 days 10:26:26
25.24,1095291,2022-10-08,Y500,ER,0 days 10:27:05
24.43,1095292,2022-10-08,Y503,ER,0 days 10:27:19
,1095569,2022-10-09,Y500,FW,0 days 23:52:39
24.86,1095645,2022-10-10,Y500,ER,0 days 10:13:41
21.50,1095647,2022-10-10,Y501,ER,0 days 10:14:51
24.15,1095648,2022-10-10,Y502,ER,0 days 10:15:55
24.17,1095649,2022-10-10,Y503,ER,0 days 10:16:40
24.07,1095838,2022-10-11,Y502,JL,0 days 11:48:13
24.12,1095839,2022-10-11,Y503,JL,0 days 11:48:46
21.09,1095841,2022-10-11,Y501,JL,0 days 11:49:49
24.29,1095843,2022-10-11,Y500,JL,0 days 11:50:48
23.70,1096019,2022-10-12,Y502,JL,0 days 11:27:42
24.83,1096021,2022-10-12,Y500,JL,0 days 11:28:51
21.23,1096022,2022-10-12,Y501,JL,0 days 11:29:27
24.03,1096023,2022-10-12,Y503,JL,0 days 11:30:06
23.65,1096197,2022-10-13,Y503,JL,0 days 11:01:20
24.94,1096198,2022-10-13,Y500,JL,0 days 11:01:56
21.15,1096199,2022-10-13,Y501,JL,0 days 11:03:10
23.73,1096200,2022-10-13,Y502,JL,0 days 11:04:03
24.01,1096381,2022-10-14,Y502,JL,0 days 12:08:01
25.27,1096382,2022-10-14,Y500,JL,0 days 12:08:44
21.27,1096383,2022-10-14,Y501,JL,0 days 12:09:20
23.74,1096384,2022-10-14,Y503,JL,0 days 12:09:55
,1096644,2022-10-15,Y500,FW,0 days 23:52:03
,1096645,2022-10-15,Y502,FW,0 days 23:52:03
25.67,1096722,2022-10-16,Y500,ER,0 days 09:58:09
22.80,1096724,2022-10-16,Y501,ER,0 days 09:59:04
25.08,1096726,2022-10-16,Y503,ER,0 days 10:00:30
25.20,1096728,2022-10-16,Y502,ER,0 days 10:01:34
22.52,1096903,2022-10-17,Y501,ER,0 days 10:03:07
25.64,1096904,2022-10-17,Y500,ER,0 days 10:03:54
25.06,1096905,2022-10-17,Y503,ER,0 days 10:04:41
25.21,1096906,2022-10-17,Y502,ER,0 days 10:05:30
25.13,1097090,2022-10-18,Y503,JL,0 days 11:13:22
25.04,1097092,2022-10-18,Y500,JL,0 days 11:15:15
25.27,1097093,2022-10-18,Y502,JL,0 days 11:16:10
22.35,1097094,2022-10-18,Y501,JL,0 days 11:16:38
22.21,1097278,2022-10-19,Y501,JL,0 days 11:09:49
24.79,1097279,2022-10-19,Y502,JL,0 days 11:10:20
25.13,1097280,2022-10-19,Y500,JL,0 days 11:10:57
24.66,1097282,2022-10-19,Y503,JL,0 days 11:12:00
24.66,1097460,2022-10-20,Y500,JL,0 days 11:06:48
24.71,1097461,2022-10-20,Y502,JL,0 days 11:07:40
24.67,1097462,2022-10-20,Y503,JL,0 days 11:08:16
21.85,1097463,2022-10-20,Y501,JL,0 days 11:09:11
25.12,1097639,2022-10-21,Y500,JL,0 days 10:59:52
24.92,1097640,2022-10-21,Y502,JL,0 days 11:00:45
24.56,1097641,2022-10-21,Y503,JL,0 days 11:01:17
21.68,1097642,2022-10-21,Y501,JL,0 days 11:02:04
25.30,1097812,2022-10-22,Y500,ER,0 days 10:04:13
24.01,1097814,2022-10-22,Y503,ER,0 days 10:05:20
24.60,1097816,2022-10-22,Y502,ER,0 days 10:06:39
21.59,1097817,2022-10-22,Y501,ER,0 days 10:06:53
23.91,1097993,2022-10-23,Y503,ER,0 days 09:49:49
25.59,1097994,2022-10-23,Y500,ER,0 days 09:51:07
24.64,1097995,2022-10-23,Y502,ER,0 days 09:51:53
21.82,1097996,2022-10-23,Y501,ER,0 days 09:52:43
25.64,1098176,2022-10-24,Y500,JY,0 days 12:16:57
24.20,1098177,2022-10-24,Y502,JY,0 days 12:17:47
21.53,1098178,2022-10-24,Y501,JY,0 days 12:18:55
24.09,1098179,2022-10-24,Y503,JY,0 days 12:19:37
24.72,1098356,2022-10-25,Y502,JL,0 days 10:48:23
26.60,1098358,2022-10-25,Y500,JL,0 days 10:49:16
21.34,1098359,2022-10-25,Y501,JL,0 days 10:49:50
24.72,1098361,2022-10-25,Y503,JL,0 days 10:50:37
25.10,1098534,2022-10-26,Y502,JL,0 days 10:51:50
24.62,1098535,2022-10-26,Y503,JL,0 days 10:52:23
26.98,1098537,2022-10-26,Y500,JL,0 days 10:53:28
21.12,1098538,2022-10-26,Y501,JL,0 days 10:54:08
25.05,1098705,2022-10-27,Y503,JL,0 days 10:54:50
20.88,1098707,2022-10-27,Y501,JL,0 days 10:55:48
25.00,1098708,2022-10-27,Y502,JL,0 days 10:56:49
27.46,1098709,2022-10-27,Y500,JL,0 days 10:58:06
20.83,1098871,2022-10-28,Y501,JL,0 days 10:36:14
27.97,1098872,2022-10-28,Y500,JL,0 days 10:37:13
25.54,1098873,2022-10-28,Y503,JL,0 days 10:37:50
24.86,1098874,2022-10-28,Y502,JL,0 days 10:38:52
,1099016,2022-10-29,Y500,FW,0 days 23:51:39
,1099017,2022-10-29,Y501,FW,0 days 23:51:39
,1099018,2022-10-29,Y502,FW,0 days 23:51:39
,1099019,2022-10-29,Y503,FW,0 days 23:51:39
,1099146,2022-10-30,Y500,FW,0 days 23:51:58
,1099147,2022-10-30,Y501,FW,0 days 23:51:58
,1099148,2022-10-30,Y502,FW,0 days 23:51:58
,1099149,2022-10-30,Y503,FW,0 days 23:51:58
,1099312,2022-10-31,Y500,FW,0 days 23:51:39
,1099313,2022-10-31,Y501,FW,0 days 23:51:39
,1099314,2022-10-31,Y502,FW,0 days 23:51:39
,1099315,2022-10-31,Y503,FW,0 days 23:51:39
26.81,1099390,2022-11-01,Y503,JB,0 days 11:24:11
27.40,1099394,2022-11-01,Y502,JB,0 days 11:25:27
27.31,1099396,2022-11-01,Y500,JB,0 days 11:26:15
22.91,1099400,2022-11-01,Y501,JB,0 days 12:31:21
26.51,1099553,2022-11-02,Y502,ER,0 days 11:11:54
22.89,1099554,2022-11-02,Y501,ER,0 days 11:12:32
26.67,1099556,2022-11-02,Y500,ER,0 days 11:13:16
26.02,1099558,2022-11-02,Y503,ER,0 days 11:14:16
25.34,1099677,2022-11-03,Y503,ER,0 days 12:15:36
22.60,1099678,2022-11-03,Y501,ER,0 days 12:16:19
25.87,1099680,2022-11-03,Y502,ER,0 days 12:17:22
26.71,1099681,2022-11-03,Y500,ER,0 days 12:18:12
25.31,1099813,2022-11-04,Y502,ER,0 days 11:00:41
26.08,1099815,2022-11-04,Y503,ER,0 days 11:01:27
22.11,1099817,2022-11-04,Y501,ER,0 days 11:02:18
26.16,1099819,2022-11-04,Y500,ER,0 days 11:03:00
25.73,1099917,2022-11-05,Y500,ER,0 days 11:10:11
21.53,1099919,2022-11-05,Y501,ER,0 days 11:10:54
25.61,1099920,2022-11-05,Y503,ER,0 days 11:11:35
25.00,1099922,2022-11-05,Y502,ER,0 days 11:12:25
21.61,1100101,2022-11-06,Y501,ER,0 days 09:58:59
25.75,1100102,2022-11-06,Y500,ER,0 days 09:59:38
25.03,1100104,2022-11-06,Y503,ER,0 days 10:00:38
24.85,1100105,2022-11-06,Y502,ER,0 days 10:01:22
25.71,1100267,2022-11-07,Y500,JY,0 days 10:45:06
24.85,1100268,2022-11-07,Y502,JY,0 days 10:46:21
21.40,1100269,2022-11-07,Y501,JY,0 days 10:47:34
25.22,1100270,2022-11-07,Y503,JY,0 days 10:48:22
24.73,1100408,2022-11-08,Y502,JB,0 days 09:45:28
21.48,1100409,2022-11-08,Y501,JB,0 days 09:46:15
25.64,1100410,2022-11-08,Y500,JB,0 days 09:47:05
25.15,1100411,2022-11-08,Y503,JB,0 days 09:47:52
25.15,1100555,2022-11-09,Y500,ER,0 days 10:40:38
21.23,1100556,2022-11-09,Y501,ER,0 days 10:41:22
24.80,1100557,2022-11-09,Y503,ER,0 days 10:41:55
24.38,1100558,2022-11-09,Y502,ER,0 days 10:42:29
24.18,1100692,2022-11-10,Y502,ER,0 days 10:28:59
21.14,1100693,2022-11-10,Y501,ER,0 days 10:29:54
25.03,1100694,2022-11-10,Y500,ER,0 days 10:30:32
24.74,1100695,2022-11-10,Y503,ER,0 days 10:31:12
20.90,1100827,2022-11-11,Y501,ER,0 days 10:12:58
24.93,1100828,2022-11-11,Y500,ER,0 days 10:13:40
24.19,1100829,2022-11-11,Y502,ER,0 days 10:14:27
24.63,1100830,2022-11-11,Y503,ER,0 days 10:15:11
24.85,1100974,2022-11-12,Y502,ER,0 days 09:58:26
25.06,1100975,2022-11-12,Y500,ER,0 days 09:59:07
20.68,1100976,2022-11-12,Y501,ER,0 days 09:59:45
24.64,1100977,2022-11-12,Y503,ER,0 days 10:00:24
25.01,1101133,2022-11-13,Y502,ER,0 days 09:18:13
24.95,1101134,2022-11-13,Y500,ER,0 days 09:19:34
20.66,1101135,2022-11-13,Y501,ER,0 days 09:19:48
24.40,1101137,2022-11-13,Y503,ER,0 days 09:20:41
24.98,1101292,2022-11-14,Y502,JY,0 days 10:42:48
24.78,1101293,2022-11-14,Y500,JY,0 days 10:43:42
20.42,1101294,2022-11-14,Y501,JY,0 days 10:44:33
24.26,1101295,2022-11-14,Y503,JY,0 days 10:45:49
24.94,1101446,2022-11-15,Y502,JB,0 days 10:44:30
20.07,1101447,2022-11-15,Y501,JB,0 days 10:44:50
25.17,1101448,2022-11-15,Y500,JB,0 days 10:45:46
24.48,1101449,2022-11-15,Y503,JB,0 days 10:46:24
25.10,1101616,2022-11-16,Y500,ER,0 days 10:10:24
24.67,1101617,2022-11-16,Y502,ER,0 days 10:10:58
20.20,1101618,2022-11-16,Y501,ER,0 days 10:11:28
24.21,1101619,2022-11-16,Y503,ER,0 days 10:12:11
24.43,1101787,2022-11-17,Y502,JL,0 days 10:56:25
20.13,1101788,2022-11-17,Y501,JL,0 days 10:57:03
24.82,1101789,2022-11-17,Y500,JL,0 days 10:57:34
23.99,1101790,2022-11-17,Y503,JL,0 days 10:58:33
20.22,1101946,2022-11-18,Y501,JL,0 days 11:02:59
24.19,1101948,2022-11-18,Y502,JL,0 days 11:03:51
23.85,1101949,2022-11-18,Y503,JL,0 days 11:04:21
24.62,1101950,2022-11-18,Y500,JL,0 days 11:04:52
20.34,1102097,2022-11-19,Y501,ER,0 days 09:41:51
24.85,1102098,2022-11-19,Y500,ER,0 days 09:42:55
23.92,1102099,2022-11-19,Y503,ER,0 days 09:43:41
23.93,1102100,2022-11-19,Y502,ER,0 days 09:44:26
20.37,1102260,2022-11-20,Y501,ER,0 days 09:38:04
23.87,1102261,2022-11-20,Y502,ER,0 days 09:43:23
24.60,1102262,2022-11-20,Y500,ER,0 days 09:43:57
23.63,1102263,2022-11-20,Y503,ER,0 days 09:44:37
23.84,1102415,2022-11-21,Y502,JY,0 days 10:36:17
24.69,1102416,2022-11-21,Y500,JY,0 days 10:37:10
23.56,1102417,2022-11-21,Y503,JY,0 days 10:38:15
20.75,1102418,2022-11-21,Y501,JY,0 days 10:38:57
24.84,1102571,2022-11-22,Y500,JL,0 days 10:56:20
23.99,1102572,2022-11-22,Y503,JL,0 days 10:56:49
23.97,1102573,2022-11-22,Y502,JL,0 days 10:57:53
20.65,1102574,2022-11-22,Y501,JL,0 days 10:59:54
24.95,1102719,2022-11-23,Y500,JL,0 days 10:33:15
21.08,1102721,2022-11-23,Y501,JL,0 days 10:33:58
24.26,1102722,2022-11-23,Y502,JL,0 days 10:34:34
24.07,1102723,2022-11-23,Y503,JL,0 days 10:35:08
,1102911,2022-11-24,Y500,FW,0 days 23:52:50
,1102912,2022-11-24,Y501,FW,0 days 23:52:50
,1102913,2022-11-24,Y502,FW,0 days 23:52:50
,1102914,2022-11-24,Y503,FW,0 days 23:52:50
23.33,1102926,2022-11-25,Y501,ER,0 days 08:10:18
26.70,1102928,2022-11-25,Y503,ER,0 days 08:10:46
26.01,1102930,2022-11-25,Y502,ER,0 days 08:11:31
27.30,1102932,2022-11-25,Y500,ER,0 days 08:12:10
26.58,1103016,2022-11-26,Y500,ER,0 days 09:19:24
25.34,1103018,2022-11-26,Y502,ER,0 days 09:20:30
26.30,1103019,2022-11-26,Y503,ER,0 days 09:21:23
23.41,1103020,2022-11-26,Y501,ER,0 days 09:22:06
22.89,1103177,2022-11-27,Y501,ER,0 days 09:13:07
24.95,1103178,2022-11-27,Y502,ER,0 days 09:13:43
26.03,1103180,2022-11-27,Y500,ER,0 days 09:14:58
25.55,1103182,2022-11-27,Y503,ER,0 days 09:16:10
,1103403,2022-11-28,Y500,FW,0 days 23:52:11
,1103404,2022-11-28,Y501,FW,0 days 23:52:11
,1103405,2022-11-28,Y502,FW,0 days 23:52:11
,1103406,2022-11-28,Y503,FW,0 days 23:52:11
24.20,1103488,2022-11-29,Y501,JL,0 days 10:57:29
27.64,1103490,2022-11-29,Y500,JL,0 days 10:58:16
27.57,1103492,2022-11-29,Y503,JL,0 days 10:59:09
26.74,1103494,2022-11-29,Y502,JL,0 days 11:00:32
25.68,1103645,2022-11-30,Y503,JL,0 days 10:53:28
26.26,1103646,2022-11-30,Y502,JL,0 days 10:54:09
22.99,1103648,2022-11-30,Y501,JL,0 days 10:54:54
26.51,1103650,2022-11-30,Y500,JL,0 days 10:55:39
26.00,1103783,2022-12-01,Y502,JL,0 days 08:16:29
26.10,1103784,2022-12-01,Y500,JL,0 days 08:16:54
22.40,1103786,2022-12-01,Y501,JL,0 days 08:17:31
25.20,1103787,2022-12-01,Y503,JL,0 days 08:17:51
25.89,1103929,2022-12-02,Y500,JL,0 days 08:44:56
25.50,1103930,2022-12-02,Y502,JL,0 days 08:45:43
22.30,1103931,2022-12-02,Y501,JL,0 days 08:46:05
24.49,1103933,2022-12-02,Y503,JL,0 days 08:46:40
24.23,1104077,2022-12-03,Y503,ER,0 days 09:14:33
25.46,1104079,2022-12-03,Y502,ER,0 days 09:15:16
22.69,1104082,2022-12-03,Y501,ER,0 days 09:16:02
25.23,1104084,2022-12-03,Y500,ER,0 days 09:16:57
25.64,1104221,2022-12-04,Y502,ER,0 days 09:23:31
24.04,1104222,2022-12-04,Y503,ER,0 days 09:24:29
22.53,1104223,2022-12-04,Y501,ER,0 days 09:25:11
25.21,1104224,2022-12-04,Y500,ER,0 days 09:25:47
24.97,1104360,2022-12-05,Y500,JY,0 days 10:40:13
22.35,1104361,2022-12-05,Y501,JY,0 days 10:41:10
23.84,1104362,2022-12-05,Y503,JY,0 days 10:41:54
25.46,1104363,2022-12-05,Y502,JY,0 days 10:42:41
22.89,1104500,2022-12-06,Y501,JL,0 days 08:37:34
26.28,1104502,2022-12-06,Y502,JL,0 days 08:38:04
25.99,1104504,2022-12-06,Y500,JL,0 days 08:38:39
23.92,1104505,2022-12-06,Y503,JL,0 days 08:39:12
23.63,1104631,2022-12-07,Y503,JL,0 days 08:20:02
26.40,1104632,2022-12-07,Y502,JL,0 days 08:20:25
26.51,1104634,2022-12-07,Y500,JL,0 days 08:21:02
23.09,1104635,2022-12-07,Y501,JL,0 days 08:21:25
23.31,1104764,2022-12-08,Y501,JL,0 days 08:24:28
23.60,1104765,2022-12-08,Y503,JL,0 days 08:24:48
26.40,1104766,2022-12-08,Y502,JL,0 days 08:25:10
26.29,1104767,2022-12-08,Y500,JL,0 days 08:25:38
23.74,1104918,2022-12-09,Y503,JL,0 days 09:03:40
25.85,1104919,2022-12-09,Y500,JL,0 days 09:04:45
26.41,1104920,2022-12-09,Y502,JL,0 days 09:05:20
23.20,1104921,2022-12-09,Y501,JL,0 days 09:05:58
25.67,1105047,2022-12-10,Y500,ER,0 days 09:12:39
23.60,1105048,2022-12-10,Y501,ER,0 days 09:13:22
26.61,1105049,2022-12-10,Y502,ER,0 days 09:14:20
23.63,1105050,2022-12-10,Y503,ER,0 days 09:15:08
23.31,1105183,2022-12-11,Y501,ER,0 days 09:22:57
25.40,1105184,2022-12-11,Y500,ER,0 days 09:23:40
24.23,1105186,2022-12-11,Y503,ER,0 days 09:24:55
26.30,1105187,2022-12-11,Y502,ER,0 days 09:25:38
27.00,1105466,2022-12-13,Y501,JL,0 days 08:55:46
29.49,1105468,2022-12-13,Y500,JL,0 days 08:56:17
29.67,1105470,2022-12-13,Y503,JL,0 days 08:57:46
28.76,1105472,2022-12-13,Y502,JL,0 days 08:58:49
27.62,1105612,2022-12-14,Y502,JL,0 days 08:51:40
27.63,1105614,2022-12-14,Y503,JL,0 days 08:52:06
27.89,1105616,2022-12-14,Y500,JL,0 days 08:53:09
24.51,1105618,2022-12-14,Y501,JL,0 days 08:53:52
27.23,1105741,2022-12-15,Y502,JL,0 days 08:47:07
26.83,1105743,2022-12-15,Y503,JL,0 days 08:47:44
27.19,1105745,2022-12-15,Y500,JL,0 days 08:48:37
24.19,1105746,2022-12-15,Y501,JL,0 days 08:49:03
26.82,1105895,2022-12-16,Y500,JL,0 days 08:56:42
23.90,1105896,2022-12-16,Y501,JL,0 days 08:56:58
26.20,1105898,2022-12-16,Y503,JL,0 days 08:58:03
26.81,1105899,2022-12-16,Y502,JL,0 days 08:58:32
23.89,1106018,2022-12-17,Y501,ER,0 days 08:50:35
26.60,1106019,2022-12-17,Y500,ER,0 days 08:51:43
27.05,1106020,2022-12-17,Y502,ER,0 days 08:52:41
26.14,1106021,2022-12-17,Y503,ER,0 days 08:53:25
26.09,1106142,2022-12-18,Y500,ER,0 days 09:04:10
23.91,1106143,2022-12-18,Y501,ER,0 days 09:04:46
27.14,1106144,2022-12-18,Y502,ER,0 days 09:05:45
25.30,1106146,2022-12-18,Y503,ER,0 days 09:06:35
,1106334,2022-12-19,Y500,FW,0 days 23:52:01
,1106335,2022-12-19,Y501,FW,0 days 23:52:01
,1106336,2022-12-19,Y502,FW,0 days 23:52:01
,1106337,2022-12-19,Y503,FW,0 days 23:52:01
28.91,1106418,2022-12-20,Y503,JL,0 days 09:08:29
29.01,1106420,2022-12-20,Y502,JL,0 days 09:09:11
25.70,1106422,2022-12-20,Y501,JL,0 days 09:10:14
29.90,1106424,2022-12-20,Y500,JL,0 days 09:10:53
28.49,1106569,2022-12-21,Y500,JL,0 days 08:29:47
24.89,1106571,2022-12-21,Y501,JL,0 days 08:30:10
27.95,1106573,2022-12-21,Y502,JL,0 days 08:32:28
27.18,1106575,2022-12-21,Y503,JL,0 days 08:32:56
27.70,1106712,2022-12-22,Y500,JL,0 days 08:45:54
24.72,1106713,2022-12-22,Y501,JL,0 days 08:46:22
27.40,1106715,2022-12-22,Y502,JL,0 days 08:47:12
26.01,1106717,2022-12-22,Y503,JL,0 days 08:47:45
27.37,1106844,2022-12-23,Y500,JL,0 days 08:43:30
24.88,1106845,2022-12-23,Y501,JL,0 days 08:43:46
27.16,1106846,2022-12-23,Y502,JL,0 days 08:44:34
25.32,1106848,2022-12-23,Y503,JL,0 days 08:45:14
,1107012,2022-12-24,Y500,FW,0 days 23:52:16
,1107013,2022-12-24,Y501,FW,0 days 23:52:16
,1107014,2022-12-24,Y502,FW,0 days 23:52:16
,1107015,2022-12-24,Y503,FW,0 days 23:52:16
,1107120,2022-12-25,Y500,FW,0 days 23:52:14
,1107121,2022-12-25,Y501,FW,0 days 23:52:14
,1107122,2022-12-25,Y502,FW,0 days 23:52:14
,1107123,2022-12-25,Y503,FW,0 days 23:52:14
,1107229,2022-12-26,Y500,FW,0 days 23:52:13
,1107230,2022-12-26,Y501,FW,0 days 23:52:13
,1107231,2022-12-26,Y502,FW,0 days 23:52:13
,1107232,2022-12-26,Y503,FW,0 days 23:52:13
,1107337,2022-12-27,Y500,FW,0 days 23:51:27
,1107338,2022-12-27,Y501,FW,0 days 23:51:27
,1107339,2022-12-27,Y502,FW,0 days 23:51:27
,1107340,2022-12-27,Y503,FW,0 days 23:51:27
,1107445,2022-12-28,Y500,FW,0 days 23:52:05
,1107446,2022-12-28,Y501,FW,0 days 23:52:05
,1107447,2022-12-28,Y502,FW,0 days 23:52:05
,1107448,2022-12-28,Y503,FW,0 days 23:52:05
,1107553,2022-12-29,Y500,FW,0 days 23:52:18
,1107554,2022-12-29,Y501,FW,0 days 23:52:18
,1107555,2022-12-29,Y502,FW,0 days 23:52:18
,1107556,2022-12-29,Y503,FW,0 days 23:52:18
,1107661,2022-12-30,Y500,FW,0 days 23:51:48
,1107662,2022-12-30,Y501,FW,0 days 23:51:48
,1107663,2022-12-30,Y502,FW,0 days 23:51:48
,1107664,2022-12-30,Y503,FW,0 days 23:51:48
,1107769,2022-12-31,Y500,FW,0 days 23:51:46
,1107770,2022-12-31,Y501,FW,0 days 23:51:46
,1107771,2022-12-31,Y502,FW,0 days 23:51:46
,1107772,2022-12-31,Y503,FW,0 days 23:51:46
,1107877,2023-01-01,Y500,FW,0 days 23:51:49
,1107878,2023-01-01,Y501,FW,0 days 23:51:49
,1107879,2023-01-01,Y502,FW,0 days 23:51:49
,1107880,2023-01-01,Y503,FW,0 days 23:51:49
,1107920,2023-01-02,Y500,FW,0 days 23:52:47
,1107921,2023-01-02,Y501,FW,0 days 23:52:47
,1107922,2023-01-02,Y502,FW,0 days 23:52:47
,1107923,2023-01-02,Y503,FW,0 days 23:52:47
27.01,1108058,2023-01-03,Y500,JL,0 days 09:14:51
24.65,1108059,2023-01-03,Y501,JL,0 days 09:15:12
26.68,1108061,2023-01-03,Y503,JL,0 days 09:16:13
24.90,1108063,2023-01-03,Y502,JL,0 days 09:16:44
26.35,1108237,2023-01-04,Y503,JL,0 days 09:00:57
25.71,1108239,2023-01-04,Y502,JL,0 days 09:01:28
26.55,1108240,2023-01-04,Y500,JL,0 days 09:02:11
23.98,1108242,2023-01-04,Y501,JL,0 days 09:02:44
24.18,1108375,2023-01-05,Y501,JL,0 days 09:09:25
27.32,1108377,2023-01-05,Y500,JL,0 days 09:09:49
26.20,1108378,2023-01-05,Y503,JL,0 days 09:10:38
25.10,1108380,2023-01-05,Y502,JL,0 days 09:11:13
23.27,1108534,2023-01-06,Y501,JL,0 days 08:32:59
25.96,1108536,2023-01-06,Y500,JL,0 days 08:33:25
24.98,1108537,2023-01-06,Y502,JL,0 days 08:34:07
26.03,1108538,2023-01-06,Y503,JL,0 days 08:34:23
25.11,1108644,2023-01-07,Y500,ER,0 days 08:41:53
23.20,1108645,2023-01-07,Y501,ER,0 days 08:42:39
25.67,1108649,2023-01-07,Y502,ER,0 days 08:43:57
25.61,1108650,2023-01-07,Y503,ER,0 days 08:44:39
23.18,1108771,2023-01-08,Y501,ER,0 days 08:35:51
24.49,1108773,2023-01-08,Y500,ER,0 days 08:36:46
25.11,1108774,2023-01-08,Y503,ER,0 days 08:38:13
25.89,1108775,2023-01-08,Y502,ER,0 days 08:39:00
25.86,1108922,2023-01-09,Y502,JY,0 days 10:48:05
25.01,1108923,2023-01-09,Y503,JY,0 days 10:48:49
23.99,1108924,2023-01-09,Y500,JY,0 days 10:50:23
22.98,1108925,2023-01-09,Y501,JY,0 days 10:51:34
23.80,1109081,2023-01-10,Y501,JL,0 days 08:56:04
24.30,1109082,2023-01-10,Y500,JL,0 days 08:56:21
26.31,1109084,2023-01-10,Y502,JL,0 days 08:57:22
25.10,1109085,2023-01-10,Y503,JL,0 days 08:57:47
25.10,1109221,2023-01-11,Y503,JL,0 days 09:09:35
26.61,1109222,2023-01-11,Y502,JL,0 days 09:09:55
24.37,1109223,2023-01-11,Y500,JL,0 days 09:10:40
23.70,1109224,2023-01-11,Y501,JL,0 days 09:10:54
24.33,1109357,2023-01-12,Y501,JL,0 days 09:16:37
24.40,1109358,2023-01-12,Y500,JL,0 days 09:16:52
25.00,1109359,2023-01-12,Y503,JL,0 days 09:17:39
26.61,1109360,2023-01-12,Y502,JL,0 days 09:17:52
24.56,1109471,2023-01-13,Y501,ER,0 days 10:10:43
24.42,1109472,2023-01-13,Y500,ER,0 days 10:11:27
26.59,1109473,2023-01-13,Y502,ER,0 days 10:12:29
24.77,1109474,2023-01-13,Y503,ER,0 days 10:13:08
24.70,1109595,2023-01-14,Y500,ER,0 days 08:15:37
24.55,1109596,2023-01-14,Y501,ER,0 days 08:16:21
26.72,1109597,2023-01-14,Y502,ER,0 days 08:17:18
24.91,1109598,2023-01-14,Y503,ER,0 days 08:18:03
24.48,1109762,2023-01-15,Y500,WS,0 days 11:34:39
23.75,1109766,2023-01-15,Y501,WS,0 days 11:36:50
25.80,1109768,2023-01-15,Y502,WS,0 days 11:38:42
24.64,1109769,2023-01-15,Y503,WS,0 days 11:39:56
,1109972,2023-01-16,Y500,FW,0 days 23:52:20
,1109973,2023-01-16,Y501,FW,0 days 23:52:20
24.97,1110054,2023-01-17,Y500,JL,0 days 08:58:59
22.90,1110056,2023-01-17,Y501,JL,0 days 08:59:38
24.97,1110058,2023-01-17,Y502,JL,0 days 09:00:53
25.01,1110059,2023-01-17,Y503,JL,0 days 09:01:24
25.11,1110205,2023-01-18,Y500,JL,0 days 08:48:20
23.41,1110207,2023-01-18,Y501,JL,0 days 08:48:45
24.76,1110208,2023-01-18,Y503,JL,0 days 08:49:41
24.92,1110209,2023-01-18,Y502,JL,0 days 08:49:58
24.73,1110351,2023-01-19,Y500,JL,0 days 09:27:52
23.38,1110352,2023-01-19,Y501,JL,0 days 09:28:07
25.01,1110353,2023-01-19,Y503,JL,0 days 09:28:56
24.90,1110354,2023-01-19,Y502,JL,0 days 09:29:16
25.02,1110492,2023-01-20,Y500,JL,0 days 09:30:59
23.84,1110494,2023-01-20,Y501,JL,0 days 09:31:27
25.25,1110495,2023-01-20,Y503,JL,0 days 09:32:15
25.07,1110496,2023-01-20,Y502,JL,0 days 09:32:29
24.90,1110623,2023-01-21,Y502,ER,0 days 09:05:39
26.10,1110625,2023-01-21,Y503,ER,0 days 09:06:10
24.61,1110627,2023-01-21,Y501,ER,0 days 09:07:16
25.30,1110628,2023-01-21,Y500,ER,0 days 09:07:30
24.50,1110754,2023-01-22,Y501,ER,0 days 07:36:48
25.40,1110755,2023-01-22,Y500,ER,0 days 07:37:03
25.90,1110756,2023-01-22,Y503,ER,0 days 07:37:50
25.10,1110757,2023-01-22,Y502,ER,0 days 07:38:12
27.78,1111045,2023-01-24,Y500,JL,0 days 08:49:47
24.80,1111046,2023-01-24,Y501,JL,0 days 08:50:00
27.05,1111048,2023-01-24,Y503,JL,0 days 08:51:01
28.10,1111050,2023-01-24,Y502,JL,0 days 08:51:30
27.30,1111189,2023-01-25,Y502,JL,0 days 09:16:28
26.42,1111191,2023-01-25,Y503,JL,0 days 09:17:00
24.36,1111192,2023-01-25,Y501,JL,0 days 09:17:41
26.60,1111194,2023-01-25,Y500,JL,0 days 09:18:19
24.19,1111333,2023-01-26,Y501,JW,0 days 11:07:16
26.08,1111336,2023-01-26,Y500,JW,0 days 11:07:54
25.95,1111337,2023-01-26,Y503,JW,0 days 11:08:27
26.39,1111339,2023-01-26,Y502,JW,0 days 11:08:59
25.55,1111469,2023-01-27,Y500,JL,0 days 08:41:48
23.90,1111470,2023-01-27,Y501,JL,0 days 08:42:02
25.90,1111471,2023-01-27,Y502,JL,0 days 08:42:53
25.59,1111472,2023-01-27,Y503,JL,0 days 08:43:08
24.23,1111626,2023-01-28,Y501,JW,0 days 13:11:54
25.11,1111627,2023-01-28,Y500,JW,0 days 13:12:07
25.55,1111628,2023-01-28,Y503,JW,0 days 13:12:40
25.42,1111629,2023-01-28,Y502,JW,0 days 13:12:50
25.31,1111742,2023-01-29,Y500,ER,0 days 06:48:07
24.12,1111743,2023-01-29,Y501,ER,0 days 06:48:38
25.57,1111744,2023-01-29,Y503,ER,0 days 06:49:45
25.53,1111745,2023-01-29,Y502,ER,0 days 06:50:04
,1111956,2023-01-30,Y501,FW,0 days 23:52:08
,1111957,2023-01-30,Y503,FW,0 days 23:52:08
30.00,1112046,2023-01-31,Y500,JL,0 days 09:18:36
28.20,1112048,2023-01-31,Y501,JL,0 days 09:19:10
31.49,1112050,2023-01-31,Y502,JL,0 days 09:20:00
30.89,1112052,2023-01-31,Y503,JL,0 days 09:20:46
26.30,1112182,2023-02-01,Y501,JL,0 days 08:50:41
28.01,1112184,2023-02-01,Y500,JL,0 days 08:51:14
27.90,1112186,2023-02-01,Y503,JL,0 days 08:52:17
28.42,1112188,2023-02-01,Y502,JL,0 days 08:53:02
26.94,1112342,2023-02-02,Y500,JL,0 days 09:23:22
25.17,1112344,2023-02-02,Y501,JL,0 days 09:23:57
27.25,1112346,2023-02-02,Y502,JL,0 days 09:25:11
26.75,1112348,2023-02-02,Y503,JL,0 days 09:25:34
26.22,1112480,2023-02-03,Y500,JL,0 days 08:55:12
24.40,1112482,2023-02-03,Y501,JL,0 days 08:55:38
26.31,1112483,2023-02-03,Y503,JL,0 days 08:56:18
26.62,1112485,2023-02-03,Y502,JL,0 days 08:56:52
24.30,1112612,2023-02-04,Y501,ER,0 days 06:16:28
26.31,1112613,2023-02-04,Y500,ER,0 days 06:16:46
26.16,1112614,2023-02-04,Y503,ER,0 days 06:17:46
26.82,1112615,2023-02-04,Y502,ER,0 days 06:18:02
23.99,1112754,2023-02-05,Y501,ER,0 days 06:15:30
26.02,1112755,2023-02-05,Y500,ER,0 days 06:15:49
25.99,1112756,2023-02-05,Y503,ER,0 days 06:16:48
26.80,1112757,2023-02-05,Y502,ER,0 days 06:17:09
23.50,1112912,2023-02-06,Y501,JL,0 days 08:44:05
25.78,1112913,2023-02-06,Y500,JL,0 days 08:44:18
25.69,1112914,2023-02-06,Y503,JL,0 days 08:44:59
26.57,1112915,2023-02-06,Y502,JL,0 days 08:45:24
23.70,1113047,2023-02-07,Y501,JL,0 days 09:10:39
25.45,1113048,2023-02-07,Y500,JL,0 days 09:10:55
26.80,1113049,2023-02-07,Y502,JL,0 days 09:11:40
25.51,1113050,2023-02-07,Y503,JL,0 days 09:11:57
25.84,1113154,2023-02-08,Y500,ER,0 days 10:10:54
23.50,1113155,2023-02-08,Y501,ER,0 days 10:11:11
26.05,1113157,2023-02-08,Y502,ER,0 days 10:12:35
25.52,1113158,2023-02-08,Y503,ER,0 days 10:12:51
26.19,1113290,2023-02-09,Y500,JL,0 days 09:06:29
23.90,1113291,2023-02-09,Y501,JL,0 days 09:07:09
26.31,1113292,2023-02-09,Y502,JL,0 days 09:07:43
25.59,1113293,2023-02-09,Y503,JL,0 days 09:08:12
23.59,1113442,2023-02-10,Y501,JL,0 days 09:30:08
25.98,1113443,2023-02-10,Y500,JL,0 days 09:30:25
26.12,1113444,2023-02-10,Y502,JL,0 days 09:31:15
25.40,1113445,2023-02-10,Y503,JL,0 days 09:31:45
23.70,1113551,2023-02-11,Y501,ER,0 days 06:08:17
25.92,1113552,2023-02-11,Y500,ER,0 days 06:08:33
26.12,1113553,2023-02-11,Y502,ER,0 days 06:09:31
25.57,1113554,2023-02-11,Y503,ER,0 days 06:09:46
23.50,1113687,2023-02-12,Y501,ER,0 days 07:25:53
25.74,1113688,2023-02-12,Y500,ER,0 days 07:26:21
25.20,1113689,2023-02-12,Y503,ER,0 days 07:27:46
26.36,1113690,2023-02-12,Y502,ER,0 days 07:28:04
23.49,1113827,2023-02-13,Y501,JL,0 days 08:51:56
25.54,1113828,2023-02-13,Y500,JL,0 days 08:52:12
26.56,1113829,2023-02-13,Y502,JL,0 days 08:52:52
24.83,1113830,2023-02-13,Y503,JL,0 days 08:53:07
25.35,1113964,2023-02-14,Y500,JL,0 days 09:05:56
23.40,1113965,2023-02-14,Y501,JL,0 days 09:06:11
25.28,1113966,2023-02-14,Y503,JL,0 days 09:06:54
26.63,1113967,2023-02-14,Y502,JL,0 days 09:07:14
26.91,1114068,2023-02-15,Y502,JL,0 days 08:57:11
25.18,1114069,2023-02-15,Y503,JL,0 days 08:57:33
25.36,1114070,2023-02-15,Y500,JL,0 days 08:58:13
23.72,1114071,2023-02-15,Y501,JL,0 days 08:58:27
23.60,1114162,2023-02-16,Y501,JL,0 days 08:38:51
25.04,1114163,2023-02-16,Y500,JL,0 days 08:39:05
24.90,1114164,2023-02-16,Y503,JL,0 days 08:39:38
26.78,1114165,2023-02-16,Y502,JL,0 days 08:39:59
23.70,1114293,2023-02-17,Y501,ER,0 days 08:03:56
25.20,1114294,2023-02-17,Y500,ER,0 days 08:04:15
24.48,1114295,2023-02-17,Y503,ER,0 days 08:05:00
26.79,1114296,2023-02-17,Y502,ER,0 days 08:05:22
25.54,1114426,2023-02-18,Y500,ER,0 days 08:05:53
24.00,1114427,2023-02-18,Y501,ER,0 days 08:06:21
24.40,1114428,2023-02-18,Y503,ER,0 days 08:07:24
26.77,1114429,2023-02-18,Y502,ER,0 days 08:07:44
24.65,1114491,2023-02-19,Y501,ER,0 days 07:57:07
24.81,1114493,2023-02-19,Y500,ER,0 days 07:58:07
24.53,1114494,2023-02-19,Y503,ER,0 days 07:58:54
26.87,1114495,2023-02-19,Y502,ER,0 days 07:59:15
25.24,1114633,2023-02-20,Y500,JL,0 days 09:32:31
24.92,1114634,2023-02-20,Y501,JL,0 days 09:32:45
24.82,1114635,2023-02-20,Y503,JL,0 days 09:33:26
27.12,1114636,2023-02-20,Y502,JL,0 days 09:33:43
24.70,1114788,2023-02-21,Y503,JL,0 days 10:07:59
27.13,1114789,2023-02-21,Y502,JL,0 days 10:08:12
25.30,1114790,2023-02-21,Y500,JL,0 days 10:08:44
24.57,1114791,2023-02-21,Y501,JL,0 days 10:09:02
24.91,1114915,2023-02-22,Y501,ER,0 days 11:30:54
25.24,1114916,2023-02-22,Y500,ER,0 days 11:31:07
24.56,1114917,2023-02-22,Y503,ER,0 days 11:32:14
27.17,1114918,2023-02-22,Y502,ER,0 days 11:32:33
24.90,1115031,2023-02-23,Y503,JL,0 days 09:35:50
27.61,1115032,2023-02-23,Y502,JL,0 days 09:36:06
25.80,1115034,2023-02-23,Y500,JL,0 days 09:37:08
25.34,1115035,2023-02-23,Y501,JL,0 days 09:37:22
24.87,1115177,2023-02-24,Y501,ER,0 days 12:10:42
25.06,1115179,2023-02-24,Y500,ER,0 days 12:11:32
24.67,1115180,2023-02-24,Y503,ER,0 days 12:12:37
27.34,1115181,2023-02-24,Y502,ER,0 days 12:13:10
25.39,1115289,2023-02-25,Y500,ER,0 days 09:09:01
25.40,1115291,2023-02-25,Y501,ER,0 days 09:09:30
27.52,1115292,2023-02-25,Y502,ER,0 days 09:11:16
25.39,1115294,2023-02-25,Y503,ER,0 days 09:11:53
25.07,1115420,2023-02-26,Y500,ER,0 days 10:26:47
25.01,1115421,2023-02-26,Y501,ER,0 days 10:27:05
27.02,1115422,2023-02-26,Y502,ER,0 days 10:28:19
25.00,1115423,2023-02-26,Y503,ER,0 days 10:28:38
24.92,1115549,2023-02-27,Y501,JL,0 days 09:44:51
25.06,1115550,2023-02-27,Y500,JL,0 days 09:45:09
25.09,1115551,2023-02-27,Y503,JL,0 days 09:45:33
26.97,1115552,2023-02-27,Y502,JL,0 days 09:45:52
25.26,1115614,2023-02-28,Y501,JL,0 days 09:22:59
25.00,1115615,2023-02-28,Y500,JL,0 days 09:23:13
26.99,1115616,2023-02-28,Y502,JL,0 days 09:23:50
25.10,1115617,2023-02-28,Y503,JL,0 days 09:24:01
25.21,1115751,2023-03-01,Y500,ER,0 days 07:55:40
25.51,1115752,2023-03-01,Y501,ER,0 days 07:56:02
25.50,1115753,2023-03-01,Y503,ER,0 days 07:57:32
26.70,1115755,2023-03-01,Y502,ER,0 days 07:58:10
26.11,1115866,2023-03-02,Y502,JL,0 days 09:38:01
25.06,1115867,2023-03-02,Y503,JL,0 days 09:38:28
24.80,1115869,2023-03-02,Y500,JL,0 days 09:39:38
25.09,1115870,2023-03-02,Y501,JL,0 days 09:40:08
25.31,1115995,2023-03-03,Y501,JL,0 days 09:44:48
24.77,1115996,2023-03-03,Y500,JL,0 days 09:45:22
26.12,1115997,2023-03-03,Y502,JL,0 days 09:46:26
25.10,1115998,2023-03-03,Y503,JL,0 days 09:46:52
24.60,1116045,2023-03-04,Y500,ER,0 days 00:00:00
25.10,1116046,2023-03-04,Y501,ER,0 days 00:00:00
26.50,1116047,2023-03-04,Y502,ER,0 days 00:00:00
24.80,1116048,2023-03-04,Y503,ER,0 days 00:00:00
24.64,1116199,2023-03-05,Y501,ER,0 days 11:07:32
25.06,1116200,2023-03-05,Y500,ER,0 days 11:08:03
26.16,1116201,2023-03-05,Y502,ER,0 days 11:09:39
25.10,1116202,2023-03-05,Y503,ER,0 days 11:09:55
25.11,1116330,2023-03-06,Y500,JL,0 days 09:14:06
25.31,1116332,2023-03-06,Y501,JL,0 days 09:14:30
26.65,1116333,2023-03-06,Y502,JL,0 days 09:15:10
25.09,1116334,2023-03-06,Y503,JL,0 days 09:15:32
25.70,1116459,2023-03-07,Y501,JL,0 days 09:08:03
24.81,1116460,2023-03-07,Y500,JL,0 days 09:08:14
26.97,1116461,2023-03-07,Y502,JL,0 days 09:08:45
25.01,1116462,2023-03-07,Y503,JL,0 days 09:09:00
25.48,1116587,2023-03-08,Y501,ER,0 days 12:13:28
24.34,1116588,2023-03-08,Y500,ER,0 days 12:13:49
26.23,1116590,2023-03-08,Y502,ER,0 days 12:16:02
24.84,1116591,2023-03-08,Y503,ER,0 days 12:16:20
25.80,1116705,2023-03-09,Y501,JL,0 days 09:09:34
24.61,1116706,2023-03-09,Y500,JL,0 days 09:09:54
24.99,1116707,2023-03-09,Y503,JL,0 days 09:10:33
27.01,1116709,2023-03-09,Y502,JL,0 days 09:11:02
24.50,1116835,2023-03-10,Y500,ER,0 days 10:31:47
25.49,1116836,2023-03-10,Y501,ER,0 days 10:32:32
26.54,1116837,2023-03-10,Y502,ER,0 days 10:33:50
24.91,1116838,2023-03-10,Y503,ER,0 days 10:34:35
24.45,1116975,2023-03-11,Y500,AB,0 days 12:07:01
24.61,1116977,2023-03-11,Y501,AB,0 days 12:08:26
26.39,1116978,2023-03-11,Y502,AB,0 days 12:09:34
24.96,1116979,2023-03-11,Y503,AB,0 days 12:10:25
24.47,1117074,2023-03-12,Y500,ER,0 days 11:59:45
24.40,1117075,2023-03-12,Y501,ER,0 days 12:00:28
26.40,1117076,2023-03-12,Y502,ER,0 days 12:01:17
25.15,1117077,2023-03-12,Y503,ER,0 days 12:01:51
24.72,1117194,2023-03-13,Y500,JL,0 days 10:07:16
24.10,1117195,2023-03-13,Y501,JL,0 days 10:07:26
26.65,1117196,2023-03-13,Y502,JL,0 days 10:07:58
24.90,1117197,2023-03-13,Y503,JL,0 days 10:08:13
24.51,1117321,2023-03-14,Y500,JL,0 days 09:04:55
24.19,1117322,2023-03-14,Y501,JL,0 days 09:05:10
26.70,1117323,2023-03-14,Y502,JL,0 days 09:05:58
24.82,1117324,2023-03-14,Y503,JL,0 days 09:06:13
24.08,1117445,2023-03-15,Y500,ER,0 days 11:19:40
23.34,1117448,2023-03-15,Y501,ER,0 days 11:20:58
26.30,1117449,2023-03-15,Y502,ER,0 days 11:21:58
24.68,1117450,2023-03-15,Y503,ER,0 days 11:22:50
24.10,1117552,2023-03-16,Y500,ER,0 days 11:43:18
23.15,1117553,2023-03-16,Y501,ER,0 days 11:43:54
24.92,1117554,2023-03-16,Y503,ER,0 days 11:44:56
25.90,1117555,2023-03-16,Y502,ER,0 days 11:45:32
23.34,1117631,2023-03-17,Y501,ER,0 days 09:53:58
24.40,1117632,2023-03-17,Y500,ER,0 days 09:54:24
24.89,1117633,2023-03-17,Y503,ER,0 days 09:55:17
26.10,1117634,2023-03-17,Y502,ER,0 days 09:55:36
23.95,1117761,2023-03-18,Y500,AB,0 days 13:11:25
23.07,1117762,2023-03-18,Y501,AB,0 days 13:12:36
26.12,1117763,2023-03-18,Y502,AB,0 days 13:14:14
24.49,1117764,2023-03-18,Y503,AB,0 days 13:15:06
22.93,1117903,2023-03-19,Y501,AB,0 days 14:45:58
24.33,1117904,2023-03-19,Y500,AB,0 days 14:46:44
24.60,1117905,2023-03-19,Y503,AB,0 days 14:47:15
25.53,1117907,2023-03-19,Y502,AB,0 days 14:48:04
22.80,1117979,2023-03-20,Y501,JL,0 days 09:27:25
24.50,1117980,2023-03-20,Y500,JL,0 days 09:27:37
25.89,1117981,2023-03-20,Y502,JL,0 days 09:28:23
24.49,1117982,2023-03-20,Y503,JL,0 days 09:28:38
24.54,1118103,2023-03-21,Y500,JL,0 days 09:00:28
22.99,1118104,2023-03-21,Y501,JL,0 days 09:00:40
26.01,1118105,2023-03-21,Y502,JL,0 days 09:01:22
24.49,1118106,2023-03-21,Y503,JL,0 days 09:01:36
22.98,1118224,2023-03-22,Y501,ER,0 days 08:40:47
24.49,1118225,2023-03-22,Y500,ER,0 days 08:41:11
25.89,1118226,2023-03-22,Y502,ER,0 days 08:42:11
24.67,1118227,2023-03-22,Y503,ER,0 days 08:42:31
24.55,1118321,2023-03-23,Y503,JL,0 days 09:00:32
25.69,1118323,2023-03-23,Y502,JL,0 days 09:01:08
23.30,1118324,2023-03-23,Y501,JL,0 days 09:01:58
24.50,1118325,2023-03-23,Y500,JL,0 days 09:02:12
24.56,1118448,2023-03-24,Y500,ER,0 days 08:11:16
23.29,1118449,2023-03-24,Y501,ER,0 days 08:11:36
25.38,1118450,2023-03-24,Y502,ER,0 days 08:12:43
24.65,1118451,2023-03-24,Y503,ER,0 days 08:13:02
23.02,1118584,2023-03-25,Y501,AB,0 days 13:08:11
24.12,1118585,2023-03-25,Y500,AB,0 days 13:08:47
25.37,1118586,2023-03-25,Y502,AB,0 days 13:09:40
24.40,1118587,2023-03-25,Y503,AB,0 days 13:10:15
24.59,1118673,2023-03-26,Y500,ER,0 days 07:41:22
23.61,1118675,2023-03-26,Y501,ER,0 days 07:41:58
24.53,1118676,2023-03-26,Y503,ER,0 days 07:42:51
25.90,1118678,2023-03-26,Y502,ER,0 days 07:43:22
24.03,1118731,2023-03-27,Y500,JL,0 days 10:17:14
23.31,1118732,2023-03-27,Y501,JL,0 days 10:17:33
25.73,1118733,2023-03-27,Y502,JL,0 days 10:18:18
24.29,1118734,2023-03-27,Y503,JL,0 days 10:18:36
24.01,1118829,2023-03-28,Y500,JL,0 days 10:25:06
23.22,1118830,2023-03-28,Y501,JL,0 days 10:25:27
25.95,1118831,2023-03-28,Y502,JL,0 days 10:26:02
24.50,1118832,2023-03-28,Y503,JL,0 days 10:26:15
23.59,1118924,2023-03-29,Y501,WS,0 days 10:46:18
24.90,1118926,2023-03-29,Y500,WS,0 days 10:46:52
25.24,1118928,2023-03-29,Y502,WS,0 days 10:49:25
24.31,1118929,2023-03-29,Y503,WS,0 days 10:50:12
24.89,1119022,2023-03-30,Y500,ER,0 days 10:36:20
23.27,1119023,2023-03-30,Y501,ER,0 days 10:36:35
24.60,1119025,2023-03-30,Y503,ER,0 days 10:37:24
24.84,1119026,2023-03-30,Y502,ER,0 days 10:37:43
24.63,1119176,2023-03-31,Y500,WS,0 days 10:15:42
23.19,1119177,2023-03-31,Y501,WS,0 days 10:15:59
24.47,1119178,2023-03-31,Y503,WS,0 days 10:17:30
25.03,1119179,2023-03-31,Y502,WS,0 days 10:17:51
24.22,1119335,2023-04-01,Y500,AB,0 days 15:01:25
23.06,1119336,2023-04-01,Y501,AB,0 days 15:02:00
24.42,1119338,2023-04-01,Y502,AB,0 days 15:02:49
24.34,1119339,2023-04-01,Y503,AB,0 days 15:03:25
24.63,1119452,2023-04-02,Y500,AB,0 days 13:10:08
23.19,1119453,2023-04-02,Y501,AB,0 days 13:10:43
24.40,1119454,2023-04-02,Y502,AB,0 days 13:11:35
23.94,1119456,2023-04-02,Y503,AB,0 days 13:12:17
24.91,1119553,2023-04-03,Y500,JL,0 days 11:57:24
23.35,1119554,2023-04-03,Y501,JL,0 days 11:57:40
24.00,1119555,2023-04-03,Y503,JL,0 days 11:58:11
24.20,1119556,2023-04-03,Y502,JL,0 days 11:58:25
23.41,1119667,2023-04-04,Y501,JL,0 days 09:51:01
24.89,1119668,2023-04-04,Y500,JL,0 days 09:51:13
24.01,1119670,2023-04-04,Y502,JL,0 days 09:51:52
24.04,1119671,2023-04-04,Y503,JL,0 days 09:52:05
24.81,1119787,2023-04-05,Y500,ER,0 days 09:59:28
23.27,1119788,2023-04-05,Y501,ER,0 days 09:59:43
24.01,1119789,2023-04-05,Y502,ER,0 days 10:00:48
24.01,1119790,2023-04-05,Y503,ER,0 days 10:01:02
24.83,1119890,2023-04-06,Y500,JL,0 days 10:05:28
23.20,1119891,2023-04-06,Y501,JL,0 days 10:05:43
23.89,1119892,2023-04-06,Y502,JL,0 days 10:06:20
24.10,1119893,2023-04-06,Y503,JL,0 days 10:06:32
22.94,1119939,2023-04-06,Y514,JY,0 days 15:34:35
25.44,1119940,2023-04-06,Y513,JY,0 days 15:36:13
25.49,1119941,2023-04-06,Y511,JY,0 days 15:37:40
25.95,1119942,2023-04-06,Y512,JY,0 days 15:39:28
23.00,1120028,2023-04-07,Y501,ER,0 days 08:38:08
24.78,1120029,2023-04-07,Y500,ER,0 days 08:38:28
24.10,1120030,2023-04-07,Y503,ER,0 days 08:52:29
24.21,1120031,2023-04-07,Y502,ER,0 days 08:52:44
23.61,1120059,2023-04-07,Y513,ER,0 days 10:35:19
24.05,1120061,2023-04-07,Y512,ER,0 days 10:36:35
22.91,1120065,2023-04-07,Y511,ER,0 days 10:39:04
21.18,1120067,2023-04-07,Y514,ER,0 days 10:40:10
22.82,1120225,2023-04-08,Y513,ER,0 days 10:36:31
22.10,1120227,2023-04-08,Y511,ER,0 days 10:37:52
24.08,1120228,2023-04-08,Y512,ER,0 days 10:39:07
20.29,1120230,2023-04-08,Y514,ER,0 days 10:40:12
24.39,1120282,2023-04-08,Y500,AB,0 days 13:13:11
22.58,1120283,2023-04-08,Y501,AB,0 days 13:13:27
24.04,1120284,2023-04-08,Y502,AB,0 days 13:14:06
24.10,1120285,2023-04-08,Y503,AB,0 days 13:14:40
22.14,1120361,2023-04-09,Y511,ER,0 days 09:57:02
22.00,1120363,2023-04-09,Y513,ER,0 days 09:57:58
23.29,1120365,2023-04-09,Y512,ER,0 days 10:04:41
19.81,1120367,2023-04-09,Y514,ER,0 days 10:06:04
22.40,1120416,2023-04-09,Y501,AB,0 days 13:26:20
24.19,1120417,2023-04-09,Y500,AB,0 days 13:26:44
23.96,1120418,2023-04-09,Y503,AB,0 days 13:27:21
23.93,1120419,2023-04-09,Y502,AB,0 days 13:27:51
23.82,1120594,2023-04-10,Y502,JL,0 days 10:07:27
23.90,1120595,2023-04-10,Y503,JL,0 days 10:07:45
24.40,1120596,2023-04-10,Y500,JL,0 days 10:08:34
22.49,1120597,2023-04-10,Y501,JL,0 days 10:08:50
21.79,1120618,2023-04-10,Y513,JL,0 days 10:29:46
20.01,1120620,2023-04-10,Y514,JL,0 days 10:31:43
21.78,1120622,2023-04-10,Y511,JL,0 days 10:32:32
23.37,1120623,2023-04-10,Y512,JL,0 days 10:33:28
24.58,1120768,2023-04-11,Y500,JL,0 days 09:57:25
22.50,1120769,2023-04-11,Y501,JL,0 days 09:57:39
23.80,1120770,2023-04-11,Y503,JL,0 days 09:58:18
23.54,1120771,2023-04-11,Y502,JL,0 days 09:58:35
23.31,1120786,2023-04-11,Y512,JL,0 days 10:14:19
21.70,1120787,2023-04-11,Y511,JL,0 days 10:14:44
22.00,1120788,2023-04-11,Y513,JL,0 days 10:15:19
19.87,1120790,2023-04-11,Y514,JL,0 days 10:16:29
24.60,1120958,2023-04-12,Y500,ER,0 days 10:20:04
22.35,1120959,2023-04-12,Y501,ER,0 days 10:20:48
23.42,1120960,2023-04-12,Y502,ER,0 days 10:21:43
23.61,1120962,2023-04-12,Y503,ER,0 days 10:22:46
23.81,1120964,2023-04-12,Y512,ER,0 days 10:27:45
21.84,1120965,2023-04-12,Y511,ER,0 days 10:28:55
20.19,1120967,2023-04-12,Y514,ER,0 days 10:30:45
22.03,1120968,2023-04-12,Y513,ER,0 days 10:31:50
22.40,1121066,2023-04-13,Y501,JL,0 days 10:22:09
24.99,1121067,2023-04-13,Y500,JL,0 days 10:22:21
21.67,1121069,2023-04-13,Y511,JL,0 days 10:24:04
24.07,1121070,2023-04-13,Y512,JL,0 days 10:25:35
20.26,1121071,2023-04-13,Y514,JL,0 days 10:27:37
22.16,1121073,2023-04-13,Y513,JL,0 days 10:28:52
24.82,1121237,2023-04-14,Y500,WS,0 days 09:56:56
22.28,1121238,2023-04-14,Y501,WS,0 days 09:58:06
,1121343,2023-04-14,Y512,FW,0 days 23:53:12
,1121344,2023-04-14,Y513,FW,0 days 23:53:12
,1121345,2023-04-14,Y514,FW,0 days 23:53:12
24.36,1121466,2023-04-15,Y500,AB,0 days 13:36:00
22.39,1121467,2023-04-15,Y501,AB,0 days 13:36:41
20.84,1121496,2023-04-15,Y511,AB,0 days 14:09:04
24.85,1121498,2023-04-15,Y512,AB,0 days 14:09:39
22.59,1121499,2023-04-15,Y513,AB,0 days 14:11:37
20.45,1121500,2023-04-15,Y514,AB,0 days 14:12:27
22.32,1121649,2023-04-16,Y501,AB,0 days 13:12:21
25.12,1121651,2023-04-16,Y500,AB,0 days 13:13:07
20.51,1121653,2023-04-16,Y514,AB,0 days 13:15:21
20.89,1121654,2023-04-16,Y511,AB,0 days 13:16:01
22.45,1121655,2023-04-16,Y513,AB,0 days 13:17:03
24.85,1121657,2023-04-16,Y512,AB,0 days 13:18:00
22.52,1121749,2023-04-17,Y501,JL,0 days 09:51:23
25.20,1121750,2023-04-17,Y500,JL,0 days 09:51:38
22.78,1121752,2023-04-17,Y513,JL,0 days 09:53:34
20.98,1121753,2023-04-17,Y511,JL,0 days 09:54:11
25.10,1121754,2023-04-17,Y512,JL,0 days 09:55:17
20.74,1121755,2023-04-17,Y514,JL,0 days 09:56:06
25.16,1121907,2023-04-18,Y500,JL,0 days 10:11:47
22.40,1121908,2023-04-18,Y501,JL,0 days 10:12:00
21.80,1121910,2023-04-18,Y513,JL,0 days 10:13:15
21.06,1121915,2023-04-18,Y514,JL,0 days 10:22:28
20.22,1121917,2023-04-18,Y511,JL,0 days 10:24:14
24.00,1121919,2023-04-18,Y512,JL,0 days 10:26:07
25.07,1122083,2023-04-19,Y500,ER,0 days 13:09:35
22.46,1122084,2023-04-19,Y501,ER,0 days 13:09:52
19.51,1122086,2023-04-19,Y511,ER,0 days 13:11:23
22.85,1122088,2023-04-19,Y512,ER,0 days 13:12:20
21.23,1122092,2023-04-19,Y513,ER,0 days 13:15:20
20.62,1122103,2023-04-19,Y514,ER,0 days 14:24:32
22.40,1122190,2023-04-20,Y501,ER,0 days 11:02:08
25.30,1122191,2023-04-20,Y500,ER,0 days 11:03:02
22.45,1122193,2023-04-20,Y512,ER,0 days 11:05:25
19.06,1122197,2023-04-20,Y511,ER,0 days 11:08:40
20.80,1122199,2023-04-20,Y513,ER,0 days 11:10:23
20.01,1122203,2023-04-20,Y514,ER,0 days 12:27:38
22.34,1122386,2023-04-21,Y501,ER,0 days 11:03:18
25.41,1122387,2023-04-21,Y500,ER,0 days 11:03:53
18.83,1122389,2023-04-21,Y511,ER,0 days 11:05:32
20.42,1122390,2023-04-21,Y513,ER,0 days 11:06:13
21.73,1122392,2023-04-21,Y512,ER,0 days 11:07:37
19.76,1122397,2023-04-21,Y514,ER,0 days 12:22:04
25.58,1122523,2023-04-22,Y500,ER,0 days 13:51:20
22.08,1122524,2023-04-22,Y501,ER,0 days 13:51:34
19.85,1122526,2023-04-22,Y513,ER,0 days 13:52:56
21.31,1122528,2023-04-22,Y512,ER,0 days 13:53:59
18.65,1122529,2023-04-22,Y511,ER,0 days 13:55:17
19.41,1122533,2023-04-22,Y514,ER,0 days 15:14:53
22.13,1122685,2023-04-23,Y501,ER,0 days 12:45:12
26.07,1122686,2023-04-23,Y500,ER,0 days 12:46:21
21.19,1122687,2023-04-23,Y512,ER,0 days 12:47:34
18.98,1122688,2023-04-23,Y511,ER,0 days 12:48:34
19.68,1122690,2023-04-23,Y513,ER,0 days 12:50:39
19.43,1122701,2023-04-23,Y514,ER,0 days 14:01:26
22.41,1122783,2023-04-24,Y501,JL,0 days 10:23:43
26.26,1122784,2023-04-24,Y500,JL,0 days 10:24:02
18.85,1122785,2023-04-24,Y511,JL,0 days 10:25:25
19.45,1122787,2023-04-24,Y513,JL,0 days 10:26:30
20.88,1122788,2023-04-24,Y512,JL,0 days 10:28:58
19.45,1122799,2023-04-24,Y514,JL,0 days 10:37:35
22.40,1122931,2023-04-25,Y501,JL,0 days 10:15:59
26.59,1122932,2023-04-25,Y500,JL,0 days 10:16:26
20.27,1122934,2023-04-25,Y512,JL,0 days 10:17:14
18.84,1122937,2023-04-25,Y513,JL,0 days 10:17:59
18.48,1122938,2023-04-25,Y511,JL,0 days 10:18:36
18.75,1122940,2023-04-25,Y514,JL,0 days 10:19:24
25.65,1123098,2023-04-26,Y500,ER,0 days 12:18:03
22.40,1123099,2023-04-26,Y501,ER,0 days 12:20:16
20.37,1123101,2023-04-26,Y512,ER,0 days 12:24:22
18.28,1123102,2023-04-26,Y511,ER,0 days 12:25:32
18.82,1123103,2023-04-26,Y513,ER,0 days 12:28:16
18.95,1123113,2023-04-26,Y514,ER,0 days 13:52:02
26.07,1123187,2023-04-27,Y500,ER,0 days 10:52:00
22.51,1123188,2023-04-27,Y501,ER,0 days 10:52:41
20.61,1123189,2023-04-27,Y512,ER,0 days 10:53:31
19.10,1123191,2023-04-27,Y513,ER,0 days 10:54:49
18.11,1123192,2023-04-27,Y511,ER,0 days 10:55:55
19.37,1123208,2023-04-27,Y514,ER,0 days 12:05:02
22.60,1123358,2023-04-28,Y501,JL,0 days 09:42:58
26.33,1123359,2023-04-28,Y500,JL,0 days 09:43:19
19.70,1123360,2023-04-28,Y514,JL,0 days 09:44:24
18.15,1123361,2023-04-28,Y511,JL,0 days 09:44:51
19.34,1123362,2023-04-28,Y513,JL,0 days 09:45:28
20.70,1123363,2023-04-28,Y512,JL,0 days 09:45:56
,1123573,2023-04-29,Y512,FW,0 days 23:51:36
27.31,1123638,2023-04-30,Y500,AB,0 days 12:48:09
24.90,1123640,2023-04-30,Y501,AB,0 days 12:48:44
23.96,1123642,2023-04-30,Y512,AB,0 days 12:49:20
22.14,1123644,2023-04-30,Y513,AB,0 days 12:49:54
20.87,1123648,2023-04-30,Y511,AB,0 days 12:51:28
21.59,1123650,2023-04-30,Y514,AB,0 days 12:52:31
24.35,1123791,2023-05-01,Y501,JL,0 days 10:10:24
26.80,1123792,2023-05-01,Y500,JL,0 days 10:10:51
23.23,1123796,2023-05-01,Y512,JL,0 days 10:12:43
21.85,1123797,2023-05-01,Y513,JL,0 days 10:13:13
21.60,1123798,2023-05-01,Y514,JL,0 days 10:13:40
20.31,1123800,2023-05-01,Y511,JL,0 days 10:14:44
22.97,1123937,2023-05-02,Y512,JL,0 days 10:05:17
19.89,1123940,2023-05-02,Y511,JL,0 days 10:06:32
21.45,1123941,2023-05-02,Y513,JL,0 days 10:06:59
21.31,1123942,2023-05-02,Y514,JL,0 days 10:07:39
26.42,1123943,2023-05-02,Y500,JL,0 days 10:08:32
24.10,1123944,2023-05-02,Y501,JL,0 days 10:08:46
23.80,1124079,2023-05-03,Y501,ER,0 days 10:03:58
26.01,1124080,2023-05-03,Y500,ER,0 days 10:05:40
21.26,1124081,2023-05-03,Y513,ER,0 days 10:06:45
19.42,1124083,2023-05-03,Y511,ER,0 days 10:09:44
22.53,1124085,2023-05-03,Y512,ER,0 days 10:10:54
20.89,1124104,2023-05-03,Y514,ER,0 days 11:43:54
19.10,1124232,2023-05-04,Y511,JL,0 days 09:51:56
22.74,1124235,2023-05-04,Y512,JL,0 days 09:53:15
20.69,1124236,2023-05-04,Y514,JL,0 days 09:54:28
21.01,1124237,2023-05-04,Y513,JL,0 days 09:55:02
23.30,1124239,2023-05-04,Y501,JL,0 days 09:56:25
26.00,1124240,2023-05-04,Y500,JL,0 days 09:56:54
25.98,1124379,2023-05-05,Y500,JL,0 days 09:59:15
23.10,1124380,2023-05-05,Y501,JL,0 days 09:59:30
18.67,1124382,2023-05-05,Y511,JL,0 days 10:00:29
22.58,1124383,2023-05-05,Y512,JL,0 days 10:00:48
20.60,1124385,2023-05-05,Y514,JL,0 days 10:01:37
20.90,1124386,2023-05-05,Y513,JL,0 days 10:02:04
22.72,1124524,2023-05-06,Y501,ER,0 days 10:47:58
25.98,1124525,2023-05-06,Y500,ER,0 days 10:48:42
18.60,1124526,2023-05-06,Y511,ER,0 days 10:50:21
22.26,1124528,2023-05-06,Y512,ER,0 days 10:53:19
20.57,1124529,2023-05-06,Y513,ER,0 days 10:54:19
20.37,1124530,2023-05-06,Y514,ER,0 days 12:06:00
22.40,1124617,2023-05-07,Y501,ER,0 days 10:37:12
25.70,1124618,2023-05-07,Y500,ER,0 days 10:38:23
22.24,1124619,2023-05-07,Y512,ER,0 days 10:39:34
18.59,1124620,2023-05-07,Y511,ER,0 days 10:40:43
20.72,1124621,2023-05-07,Y513,ER,0 days 10:44:31
20.49,1124702,2023-05-07,Y514,ER,0 days 12:07:09
22.19,1124781,2023-05-08,Y501,JL,0 days 09:52:32
25.59,1124782,2023-05-08,Y500,JL,0 days 09:52:48
19.10,1124784,2023-05-08,Y511,JL,0 days 09:55:53
22.39,1124785,2023-05-08,Y512,JL,0 days 09:56:32
20.84,1124786,2023-05-08,Y513,JL,0 days 09:56:53
20.63,1124789,2023-05-08,Y514,JL,0 days 09:58:33
19.28,1124866,2023-05-09,Y511,JL,0 days 09:43:38
20.63,1124868,2023-05-09,Y514,JL,0 days 09:44:24
22.26,1124869,2023-05-09,Y512,JL,0 days 09:45:00
20.76,1124870,2023-05-09,Y513,JL,0 days 09:45:24
21.90,1124871,2023-05-09,Y501,JL,0 days 09:46:31
25.60,1124872,2023-05-09,Y500,JL,0 days 09:46:52
19.29,1125033,2023-05-10,Y511,ER,0 days 11:06:58
20.62,1125034,2023-05-10,Y513,ER,0 days 11:08:14
22.20,1125035,2023-05-10,Y512,ER,0 days 11:08:58
25.42,1125036,2023-05-10,Y500,ER,0 days 11:10:32
21.60,1125037,2023-05-10,Y501,ER,0 days 11:11:17
20.85,1125039,2023-05-10,Y514,ER,0 days 12:44:27
21.20,1125177,2023-05-11,Y513,JL,0 days 10:19:15
20.01,1125180,2023-05-11,Y511,JL,0 days 10:19:42
22.78,1125184,2023-05-11,Y512,JL,0 days 10:20:48
21.18,1125186,2023-05-11,Y514,JL,0 days 10:21:24
25.98,1125188,2023-05-11,Y500,JL,0 days 10:22:30
21.79,1125189,2023-05-11,Y501,JL,0 days 10:22:50
22.05,1125321,2023-05-12,Y501,ER,0 days 10:31:27
25.74,1125322,2023-05-12,Y500,ER,0 days 10:32:13
22.80,1125323,2023-05-12,Y512,ER,0 days 10:33:14
20.31,1125325,2023-05-12,Y511,ER,0 days 10:35:12
21.34,1125326,2023-05-12,Y513,ER,0 days 10:36:38
21.12,1125327,2023-05-12,Y514,ER,0 days 12:03:02
24.82,1125499,2023-05-13,Y500,AB,0 days 15:22:32
21.80,1125500,2023-05-13,Y501,AB,0 days 15:22:49
20.49,1125501,2023-05-13,Y511,AB,0 days 15:23:30
22.67,1125502,2023-05-13,Y512,AB,0 days 15:24:00
21.58,1125504,2023-05-13,Y513,AB,0 days 15:25:18
21.09,1125513,2023-05-13,Y514,AB,0 days 16:33:58
21.77,1125571,2023-05-14,Y501,ER,0 days 09:26:10
25.10,1125572,2023-05-14,Y500,ER,0 days 09:26:54
22.95,1125573,2023-05-14,Y512,ER,0 days 09:27:49
20.76,1125574,2023-05-14,Y511,ER,0 days 09:29:20
21.96,1125577,2023-05-14,Y513,ER,0 days 09:30:52
21.32,1125578,2023-05-14,Y514,ER,0 days 10:39:33
24.45,1125731,2023-05-15,Y500,ER,0 days 12:09:44
21.62,1125732,2023-05-15,Y501,ER,0 days 12:10:25
22.15,1125734,2023-05-15,Y513,ER,0 days 12:12:13
23.19,1125735,2023-05-15,Y512,ER,0 days 12:13:02
20.86,1125736,2023-05-15,Y511,ER,0 days 12:13:48
21.69,1125757,2023-05-15,Y514,ER,0 days 13:46:40
25.12,1125857,2023-05-16,Y500,JL,0 days 09:53:52
21.39,1125858,2023-05-16,Y501,JL,0 days 09:54:20
21.69,1125859,2023-05-16,Y514,JL,0 days 09:55:16
20.96,1125861,2023-05-16,Y511,JL,0 days 09:55:46
23.27,1125862,2023-05-16,Y512,JL,0 days 09:56:08
22.58,1125864,2023-05-16,Y513,JL,0 days 09:57:25
21.21,1125999,2023-05-17,Y501,ER,0 days 09:56:58
24.88,1126000,2023-05-17,Y500,ER,0 days 09:57:47
22.58,1126001,2023-05-17,Y513,ER,0 days 09:58:45
23.16,1126002,2023-05-17,Y512,ER,0 days 09:59:26
21.10,1126003,2023-05-17,Y511,ER,0 days 10:00:34
21.42,1126020,2023-05-17,Y514,ER,0 days 11:17:38
20.61,1126178,2023-05-18,Y501,ER,0 days 10:12:40
23.39,1126180,2023-05-18,Y500,ER,0 days 10:13:43
22.80,1126183,2023-05-18,Y512,ER,0 days 10:15:27
20.68,1126184,2023-05-18,Y511,ER,0 days 10:16:20
22.29,1126185,2023-05-18,Y513,ER,0 days 10:17:02
21.10,1126186,2023-05-18,Y514,ER,0 days 11:29:17
20.60,1126331,2023-05-19,Y501,ER,0 days 10:10:20
23.69,1126332,2023-05-19,Y500,ER,0 days 10:11:11
22.68,1126333,2023-05-19,Y512,ER,0 days 10:12:05
20.63,1126335,2023-05-19,Y511,ER,0 days 10:14:07
22.39,1126336,2023-05-19,Y513,ER,0 days 10:15:22
21.07,1126337,2023-05-19,Y514,ER,0 days 11:25:46
20.67,1126432,2023-05-20,Y511,ER,0 days 10:12:38
20.42,1126433,2023-05-20,Y501,ER,0 days 10:13:10
23.59,1126434,2023-05-20,Y500,ER,0 days 10:13:44
22.69,1126436,2023-05-20,Y512,ER,0 days 10:14:52
22.31,1126437,2023-05-20,Y513,ER,0 days 10:15:21
20.66,1126439,2023-05-20,Y514,ER,0 days 11:24:48
23.40,1126710,2023-05-21,Y500,ER,0 days 13:24:50
20.01,1126712,2023-05-21,Y501,ER,0 days 13:25:31
22.79,1126714,2023-05-21,Y512,ER,0 days 13:27:23
20.33,1126715,2023-05-21,Y511,ER,0 days 13:28:34
22.54,1126716,2023-05-21,Y513,ER,0 days 13:29:12
20.32,1126717,2023-05-21,Y514,ER,0 days 14:37:51
20.40,1126784,2023-05-22,Y501,JL,0 days 09:34:27
23.97,1126786,2023-05-22,Y500,JL,0 days 09:34:56
20.30,1126787,2023-05-22,Y511,JL,0 days 09:36:15
23.01,1126789,2023-05-22,Y512,JL,0 days 09:36:50
22.72,1126790,2023-05-22,Y513,JL,0 days 09:37:21
20.40,1126791,2023-05-22,Y514,JL,0 days 09:37:45
24.53,1126953,2023-05-23,Y500,JL,0 days 09:52:09
21.13,1126955,2023-05-23,Y501,JL,0 days 09:52:42
22.61,1126956,2023-05-23,Y513,JL,0 days 09:53:20
22.94,1126957,2023-05-23,Y512,JL,0 days 09:53:38
20.62,1126959,2023-05-23,Y511,JL,0 days 09:54:16
20.31,1126960,2023-05-23,Y514,JL,0 days 09:54:40
24.18,1127198,2023-05-24,Y500,ER,0 days 11:58:29
20.84,1127199,2023-05-24,Y501,ER,0 days 11:59:09
23.05,1127200,2023-05-24,Y512,ER,0 days 11:59:58
22.42,1127201,2023-05-24,Y513,ER,0 days 12:01:18
20.34,1127202,2023-05-24,Y511,ER,0 days 12:02:02
19.99,1127217,2023-05-24,Y514,ER,0 days 13:11:38
23.90,1127283,2023-05-25,Y500,JL,0 days 09:39:04
20.69,1127284,2023-05-25,Y501,JL,0 days 09:39:19
22.35,1127286,2023-05-25,Y513,JL,0 days 09:40:22
20.10,1127287,2023-05-25,Y514,JL,0 days 09:40:54
20.36,1127288,2023-05-25,Y511,JL,0 days 09:41:16
23.07,1127289,2023-05-25,Y512,JL,0 days 09:41:29
23.18,1127447,2023-05-26,Y512,JL,0 days 09:45:32
20.07,1127448,2023-05-26,Y514,JL,0 days 09:46:02
20.10,1127449,2023-05-26,Y511,JL,0 days 09:46:33
22.30,1127450,2023-05-26,Y513,JL,0 days 09:46:51
23.41,1127452,2023-05-26,Y500,JL,0 days 09:48:04
20.53,1127453,2023-05-26,Y501,JL,0 days 09:48:18
22.81,1127569,2023-05-27,Y500,ER,0 days 09:58:26
20.12,1127570,2023-05-27,Y501,ER,0 days 09:58:59
23.00,1127572,2023-05-27,Y512,ER,0 days 10:00:01
20.10,1127573,2023-05-27,Y511,ER,0 days 10:00:29
22.19,1127574,2023-05-27,Y513,ER,0 days 10:01:00
20.03,1127575,2023-05-27,Y514,ER,0 days 11:07:20
19.99,1127812,2023-05-28,Y511,AB,0 days 13:26:41
20.03,1127814,2023-05-28,Y514,AB,0 days 13:27:22
21.87,1127815,2023-05-28,Y513,AB,0 days 13:27:45
22.74,1127817,2023-05-28,Y512,AB,0 days 13:28:59
19.90,1127818,2023-05-28,Y501,AB,0 days 13:29:12
22.44,1127819,2023-05-28,Y500,AB,0 days 13:29:38
22.24,1127925,2023-05-29,Y500,JL,0 days 09:52:18
19.69,1127926,2023-05-29,Y501,JL,0 days 09:52:32
19.76,1127927,2023-05-29,Y511,JL,0 days 09:53:20
21.86,1127928,2023-05-29,Y513,JL,0 days 09:53:41
22.50,1127930,2023-05-29,Y512,JL,0 days 09:54:23
19.86,1127931,2023-05-29,Y514,JL,0 days 09:54:44
19.75,1128092,2023-05-30,Y514,JL,0 days 10:25:07
21.72,1128093,2023-05-30,Y513,JL,0 days 10:25:37
19.70,1128094,2023-05-30,Y511,JL,0 days 10:26:00
22.36,1128095,2023-05-30,Y512,JL,0 days 10:26:27
19.63,1128098,2023-05-30,Y501,JL,0 days 10:27:33
22.10,1128099,2023-05-30,Y500,JL,0 days 10:27:46
21.89,1128256,2023-05-31,Y500,ER,0 days 09:39:42
22.40,1128257,2023-05-31,Y512,ER,0 days 09:40:43
21.90,1128258,2023-05-31,Y513,ER,0 days 09:41:30
19.60,1128260,2023-05-31,Y511,ER,0 days 09:43:07
19.81,1128261,2023-05-31,Y514,ER,0 days 09:43:57
21.81,1128423,2023-06-01,Y500,JL,0 days 08:58:35
19.50,1128424,2023-06-01,Y514,JL,0 days 08:59:59
22.48,1128426,2023-06-01,Y512,JL,0 days 09:01:10
19.71,1128427,2023-06-01,Y511,JL,0 days 09:01:32
22.48,1128429,2023-06-01,Y513,JL,0 days 09:02:00
27.70,1128534,2023-06-01,Y501,JL,0 days 13:46:53
28.10,1128592,2023-06-02,Y501,JL,0 days 08:49:39
21.51,1128595,2023-06-02,Y500,JL,0 days 08:51:05
20.01,1128596,2023-06-02,Y511,JL,0 days 08:52:01
22.59,1128597,2023-06-02,Y513,JL,0 days 08:52:29
22.48,1128600,2023-06-02,Y512,JL,0 days 08:53:21
19.60,1128601,2023-06-02,Y514,JL,0 days 08:53:42
21.40,1128689,2023-06-03,Y500,AB,0 days 11:36:06
20.31,1128690,2023-06-03,Y511,AB,0 days 11:36:48
22.63,1128691,2023-06-03,Y512,AB,0 days 11:37:32
22.78,1128694,2023-06-03,Y513,AB,0 days 11:39:25
19.07,1128696,2023-06-03,Y514,AB,0 days 11:40:31
21.20,1128881,2023-06-04,Y500,ER,0 days 12:26:02
22.44,1128884,2023-06-04,Y512,ER,0 days 12:26:47
22.90,1128890,2023-06-04,Y513,ER,0 days 12:28:38
20.10,1128895,2023-06-04,Y511,ER,0 days 12:29:29
19.15,1128914,2023-06-04,Y514,AB,0 days 13:42:15
28.70,1128921,2023-06-04,Y501,AB,0 days 13:51:53
21.46,1129092,2023-06-05,Y500,ER,0 days 12:12:08
24.90,1129094,2023-06-05,Y501,ER,0 days 12:13:03
22.34,1129095,2023-06-05,Y512,ER,0 days 12:13:48
20.31,1129096,2023-06-05,Y511,ER,0 days 12:14:16
22.93,1129098,2023-06-05,Y513,ER,0 days 12:15:35
19.11,1129111,2023-06-05,Y514,ER,0 days 13:23:29
24.07,1129202,2023-06-06,Y501,ER,0 days 10:10:40
21.12,1129203,2023-06-06,Y500,ER,0 days 10:11:12
22.60,1129205,2023-06-06,Y512,ER,0 days 10:12:26
20.39,1129206,2023-06-06,Y511,ER,0 days 10:12:55
22.80,1129207,2023-06-06,Y513,ER,0 days 10:13:45
18.90,1129251,2023-06-06,Y514,ER,0 days 11:34:36
20.75,1129395,2023-06-07,Y500,ER,0 days 10:07:42
23.39,1129399,2023-06-07,Y501,ER,0 days 10:08:24
22.85,1129406,2023-06-07,Y512,ER,0 days 10:09:31
20.18,1129410,2023-06-07,Y511,ER,0 days 10:10:10
22.61,1129414,2023-06-07,Y513,ER,0 days 10:10:42
18.60,1129422,2023-06-07,Y514,ER,0 days 11:22:12
20.33,1129581,2023-06-08,Y500,JL,0 days 10:47:55
22.77,1129583,2023-06-08,Y501,JL,0 days 10:48:20
22.47,1129584,2023-06-08,Y513,JL,0 days 10:49:24
20.01,1129585,2023-06-08,Y511,JL,0 days 10:49:40
18.19,1129587,2023-06-08,Y514,JL,0 days 10:50:28
22.96,1129588,2023-06-08,Y512,JL,0 days 10:51:07
22.79,1129693,2023-06-09,Y513,JL,0 days 08:56:49
17.83,1129695,2023-06-09,Y514,JL,0 days 08:57:28
20.23,1129696,2023-06-09,Y511,JL,0 days 08:58:06
23.35,1129698,2023-06-09,Y512,JL,0 days 08:58:51
22.36,1129699,2023-06-09,Y501,JL,0 days 08:59:32
20.01,1129700,2023-06-09,Y500,JL,0 days 08:59:43
22.06,1129874,2023-06-10,Y501,ER,0 days 12:21:57
19.62,1129875,2023-06-10,Y500,ER,0 days 12:22:30
19.95,1129876,2023-06-10,Y511,ER,0 days 12:23:49
23.78,1129877,2023-06-10,Y512,ER,0 days 12:24:22
22.84,1129879,2023-06-10,Y513,ER,0 days 12:25:54
17.60,1129888,2023-06-10,Y514,ER,0 days 14:04:16
19.32,1130034,2023-06-11,Y500,ER,0 days 12:18:30
22.04,1130035,2023-06-11,Y501,ER,0 days 12:18:46
19.92,1130036,2023-06-11,Y511,ER,0 days 12:19:54
24.56,1130038,2023-06-11,Y512,ER,0 days 12:21:51
23.48,1130040,2023-06-11,Y513,ER,0 days 12:22:41
19.49,1130181,2023-06-12,Y511,JL,0 days 09:27:01
22.96,1130183,2023-06-12,Y513,JL,0 days 09:27:53
24.14,1130185,2023-06-12,Y512,JL,0 days 09:29:03
19.00,1130186,2023-06-12,Y500,JL,0 days 09:29:56
23.73,1130250,2023-06-12,Y514,JL,0 days 12:00:02
28.10,1130252,2023-06-12,Y501,JL,0 days 12:01:27
18.82,1130342,2023-06-13,Y500,JL,0 days 08:41:22
23.41,1130344,2023-06-13,Y513,JL,0 days 08:42:17
24.17,1130345,2023-06-13,Y512,JL,0 days 08:43:00
19.56,1130347,2023-06-13,Y511,JL,0 days 08:43:42
24.08,1130362,2023-06-13,Y514,JL,0 days 10:29:57
28.11,1130364,2023-06-13,Y501,JL,0 days 10:30:26
18.59,1130506,2023-06-14,Y500,ER,0 days 08:56:08
23.99,1130507,2023-06-14,Y512,ER,0 days 08:57:44
19.29,1130510,2023-06-14,Y511,ER,0 days 08:59:09
23.51,1130511,2023-06-14,Y513,ER,0 days 08:59:34
18.88,1130663,2023-06-15,Y511,JL,0 days 09:21:06
23.73,1130664,2023-06-15,Y513,JL,0 days 09:21:35
23.01,1130666,2023-06-15,Y512,JL,0 days 09:22:14
23.47,1130669,2023-06-15,Y514,JL,0 days 09:27:11
28.01,1130675,2023-06-15,Y501,JL,0 days 09:31:06
23.55,1130822,2023-06-16,Y514,JL,0 days 09:33:19
22.50,1130824,2023-06-16,Y512,JL,0 days 09:34:51
18.74,1130825,2023-06-16,Y511,JL,0 days 09:35:22
23.95,1130826,2023-06-16,Y513,JL,0 days 09:35:45
27.05,1130842,2023-06-16,Y501,JL,0 days 09:44:05
25.21,1130844,2023-06-16,Y500,JL,0 days 09:44:34
